X,Y,OBJECTID,PERMIT_NUMBER,LATITUDE,LONGITUDE,WATER_CODE,LEGAL_QUARTER3,LEGAL_QUARTER2,LEGAL_QUARTER1,LEGAL_SECTION,LEGAL_TOWNSHIP,LEGAL_RANGE,LEGAL_TYPE,NWELLS,COUNTY,LL_METHOD,TOTAL_ACRE_FEET,PURPOSE_CODE,SIC_CODE,ENTITY_NAME,DATE_ISSUED,EXP_DATE,BRANCH_OFFICE_CODE,DIV_METHOD,DIV_RATE,DIV_FROM,DIV_TYPE,IRR_ACRES,LEASE,WR_NUMBER,STREAM_SYSTEM,AQUIFER_CODE,BASIN_CODE,STATUS_CODE
-97.721924959614668,35.702872727469085,28,2019S0824,35.7028665,-97.721917,Surface Water,NW,NE,SW,10,14N,05WI,L,0,Canadian,,50,"Oil, Gas & Mining",Drilling oil and gas wells,H2Services,2019-09-04T00:00:00.000Z,2019-12-03T00:00:00.000Z,O,Pump,1000,Lake,Lake,,McGinnis 2-15MH,,2092,,,
-97.713451396655884,34.903268837134945,29,2019S0848,34.90326275,-97.7134435,Surface Water,SW,NW,SE,15,05N,05WI,L,1,Grady,,194,"Oil, Gas & Mining",Drilling oil and gas wells,Cobalt Water Solutions,2019-09-12T00:00:00.000Z,2019-12-11T00:00:00.000Z,O,Pump,2000,Washita River,Stream,,"Casillas, Jameson and Kilkenny",,1082,,,A
-98.163218152132373,35.891667183301522,30,2019S0975,35.89166095,-98.16321007,Surface Water,,,NE,04,16N,09WI,L,1,Kingfisher,,52,"Oil, Gas & Mining",Drilling oil and gas wells,NewField Exploration,2019-10-28T00:00:00.000Z,2020-01-26T00:00:00.000Z,O,Pump,120,Gene Hill Pond,Stream,,"Biehler  1709 5H-29X, Biehler  1709 6H-29X, Biehler  1709 7H-29X FRAC - Gene Hill to Doc Stock Staging Pond",,2092,,,A
-99.01557900371013,36.819539490642796,31,2019S0962,36.81953314,-99.01557063,Surface Water,,SW,SW,15,27N,17WI,L,1,Woods,,8,"Oil, Gas & Mining",Drilling oil and gas wells,Select Energy Services,2019-10-31T00:00:00.000Z,2020-01-29T00:00:00.000Z,W,Pump,2100,Mackey Pond,Pond,,Mach-Mack 15-27-17 2H,,2093,,,A
-98.251534358773029,35.833888523510744,32,2019S0900,35.8338823,-98.25152626,Surface Water,SW,,,27,16N,10WI,L,1,Blaine,,32,"Oil, Gas & Mining",Drilling oil and gas wells,Devon Energy Production Company,2019-09-26T00:00:00.000Z,2019-12-25T00:00:00.000Z,W,Pump,1200,Private,Pond,,"Fleenor 5_8_17-15n-10W 3HXX,4HXX,5HXX",,2092,,,A
-97.239018203532041,33.962200073078058,33,2019S0878,33.96219414,-97.23901049,Surface Water,,SE,SE,07,07S,01EI,L,1,Love,,3,"Oil, Gas & Mining",Drilling oil and gas wells,"XTO Energy, Inc.",2019-09-24T00:00:00.000Z,2019-12-23T00:00:00.000Z,L,Pump,120,Unknown,Pond,,"McCarty 4, 5-8H17X20X29",,1090,,,A
-98.664822112278557,36.203695798046596,34,2019S0881,36.20368954,-98.66481387,Surface Water,SE,SE,SW,14,20N,14WI,L,1,Major,,3,"Oil, Gas & Mining",Drilling oil and gas wells,Brickman Fastline Inc.,2019-09-18T00:00:00.000Z,2019-12-17T00:00:00.000Z,W,Pump,100,Wilcox Pond,Pond,,Bowers,,2053,,,A
-98.661386885116116,36.411728919446709,35,2019S0753,36.41172262,-98.66137863,Surface Water,NW,NE,SE,02,22N,14WI,L,1,Woods,,40,"Oil, Gas & Mining",Crude petroleum and natural gas production,D&B Oilfield Services Inc,2019-08-09T00:00:00.000Z,2019-11-07T00:00:00.000Z,W,Pump,500,Cimarron River,Stream,,Fairway Rita Jo 1-2H,,2092,,,A
-98.075017435995974,35.863146671272517,36,2019G0188,35.86314044,-98.07500938,Groundwater,,,NW,17,16N,08WI,L,1,Kingfisher,,32,"Oil, Gas & Mining",Bituminous coal and lignite extraction,"Devon Energy Production Company, LP",2019-10-28T00:00:00.000Z,2020-01-26T00:00:00.000Z,O,Pump,120,,,,Northstar 7_6-16N-8W 3HX,,,114LOYL,,A
-99.788669236499686,36.034274675295144,37,2019G0190,36.0342685,-99.78866073,Groundwater,NE,NW,SW,17,18N,24WI,L,1,Ellis,,18,"Oil, Gas & Mining",Drilling oil and gas wells,Canadian Water Well Rental,2019-10-29T00:00:00.000Z,2020-01-27T00:00:00.000Z,W,Pump,500,,,,Warchime,,,121OGLL,,
-97.800101750610835,34.834023282577647,38,2019S0859,34.83401721,-97.80009384,Surface Water,,NW,NE,11,04N,06WI,L,0,Grady,,15,"Oil, Gas & Mining",Drilling oil and gas wells,Gulfport Energy,2019-09-20T00:00:00.000Z,2019-12-19T00:00:00.000Z,O,Pump,1500,Roaring Creek Site 4 Reservoir,Pond,,"Sue 2,3-11X14H",,1082,,,A
-97.999133711533318,35.399047452786235,39,2019S0944,35.39904129,-97.99912571,Surface Water,,,NW,25,11N,08WI,L,1,Canadian,,26,Industrial,Water and sewer pipeline construction,Navigator SMS Pipeline LLC,2019-10-21T00:00:00.000Z,2020-01-19T00:00:00.000Z,O,Pump,2500,Private pond on Sweeney property,Pond,,Hydrostatic Testing,,2062,,,A
-95.504500972933641,35.126534770247552,40,2019S0932,35.12652854,-95.50449362,Surface Water,NE,SW,NW,34,08N,17EI,L,1,Pittsburg,,24,"Oil, Gas & Mining",Drilling oil and gas wells,Trinity Operating,2019-10-09T00:00:00.000Z,2020-01-07T00:00:00.000Z,M,Pump,3800,Private,Pond,,Greta Pad,,2030,,,A
-98.645596644874047,36.094273376676732,41,2019G0179,36.09426713,-98.64558842,Groundwater,,NE,NE,25,19N,14WI,L,1,Dewey,,3,"Oil, Gas & Mining",Drilling oil and gas wells,Select Energy Services,2019-09-30T00:00:00.000Z,2019-12-29T00:00:00.000Z,W,Pump,2100,,,,Mach-W. Pollock Fed,,,313RSPG,,A
-97.71465527206631,34.96422328045017,42,2019S0931,34.96421719,-97.71464737,Surface Water,,,S2,27,06N,05WI,L,1,Grady,,4,"Oil, Gas & Mining",Drilling oil and gas wells,"Continental Resources, Inc.",2019-10-09T00:00:00.000Z,2020-01-07T00:00:00.000Z,O,Pump,100,Glenn Pond ,Pond,,"Galvin 5,6,7 ",,1082,,,A
-99.806027503315278,35.993975667448851,43,2019S0891,35.9939695,-99.806019,Surface Water,NE,SW,NW,31,18N,24WI,L,0,Ellis,,38,"Oil, Gas & Mining",Crude petroleum and natural gas production,Eog Resources,2019-09-19T00:00:00.000Z,2019-12-18T00:00:00.000Z,W,Pump,1500,Canadian River,Stream,,Wood Bros Ranch,,2063,,,
-99.808078534864975,35.992167977674811,44,2019S0943,35.99216181,-99.80807003,Surface Water,SW,SW,NW,31,18N,24WI,L,1,Ellis,,38,"Oil, Gas & Mining",Drilling oil and gas wells,Recoil Oilfield Services LLC,2019-10-17T00:00:00.000Z,2020-01-15T00:00:00.000Z,W,Pump,2730,Canadian,Stream,,word,,2063,,,A
-97.239018203532041,33.962200073078058,45,2019S0941,33.96219414,-97.23901049,Surface Water,,SE,SE,07,07S,01EI,L,1,Love,,3,"Oil, Gas & Mining",Drilling oil and gas wells,"XTO Energy, Inc.",2019-10-16T00:00:00.000Z,2020-01-14T00:00:00.000Z,L,Pump,120,Private,Pond,,McCarty 3-17H20X29,,1090,,,A
-97.83869747756674,35.546851694409902,46,2019S0821,35.5468455,-97.8386895,Surface Water,NW,SW,NE,04,12N,06WI,L,0,Canadian,,50,"Oil, Gas & Mining",Drilling oil and gas wells,H2Services,2019-08-30T00:00:00.000Z,2019-11-28T00:00:00.000Z,O,Pump,1000,Private,Pond,,Carpenter,,2052,,,
-97.785955225135112,35.702968225000639,47,2019S0934,35.702962,-97.78594725,Surface Water,NE,NW,SE,12,14N,06WI,L,0,Canadian,,50,"Oil, Gas & Mining",Drilling oil and gas wells,H2Services,2019-10-10T00:00:00.000Z,2020-01-08T00:00:00.000Z,O,Pump,1000,Private,Pond,,Redbluff Bromlow,,2092,,,
-98.514218265127994,35.039270975686982,48,2019S0791,35.03926491,-98.51421016,Surface Water,NW,SW,NW,31,07N,12WI,L,1,Caddo,,20,"Oil, Gas & Mining",Drilling oil and gas wells,King Energy LLC,2019-08-24T00:00:00.000Z,2019-11-22T00:00:00.000Z,L,Pump,3520,pond ,Pond,,Baker 5-8 #1 WH,,1083,,,A
-97.732371946778969,35.080468484785605,49,2019S0963,35.08046237,-97.73236403,Surface Water,,,SW,16,07N,05WI,L,1,Grady,,40,"Oil, Gas & Mining",Drilling oil and gas wells,Newfield Exploration,2019-10-28T00:00:00.000Z,2020-01-26T00:00:00.000Z,O,Pump,2500,Dusty Ricks Pond,Pond,,Ricks 7-5-4-1H,,1082,,,A
-98.215850663170784,35.87732019664174,50,2019S0964,35.87731397,-98.21584257,Surface Water,,,NE,12,16N,10WI,L,0,Blaine,,26,"Oil, Gas & Mining",Drilling oil and gas wells,Newfield,2019-10-28T00:00:00.000Z,2020-01-26T00:00:00.000Z,W,Pump,120,Glazier Creek,Creek,,Biehler 1709 1H-29X Re-Charge,,2092,,,A
-98.353955081479128,35.213917609877555,51,2019S0820,35.2139115,-98.353947,Surface Water,NW,SE,NW,34,09N,11WI,L,0,Caddo,,50,"Oil, Gas & Mining",Drilling oil and gas wells,H2Services,2019-08-30T00:00:00.000Z,2019-11-28T00:00:00.000Z,L,Pump,1000,Lake,Lake,,Green,,1082,,,
-97.785166204666893,34.964131143852825,52,2019S0778,34.96412505,-97.78515829,Surface Water,,NW,NW,25,06N,06WI,L,1,Grady,,75,"Oil, Gas & Mining",Drilling oil and gas wells,Select Energy Services,2019-08-22T00:00:00.000Z,2019-11-20T00:00:00.000Z,O,Pump,2100,Washita River,Stream,,Continental-Ewing,,1082,,,A
-98.353955081479128,35.213917609877555,53,2019S0843,35.2139115,-98.353947,Surface Water,NW,SE,NW,34,09N,11WI,L,0,Caddo,,50,"Oil, Gas & Mining",Drilling oil and gas wells,H2Services,2019-09-11T00:00:00.000Z,2019-12-10T00:00:00.000Z,L,Pump,1000,Private,Pond,,Dorotha,,1082,,,
-99.978146421123085,36.063356277904504,54,2019S0897,36.06335011,-99.97813787,Surface Water,NW,NW,SE,04,18N,26WI,L,0,Ellis,,4,"Oil, Gas & Mining",Drilling oil and gas wells,Four Point Energy,2019-09-25T00:00:00.000Z,2019-12-24T00:00:00.000Z,W,Pump,90,Stream,Stream,,Flathead,,2063,,,
-98.198315732834359,35.891610719342388,55,2019S0965,35.89160449,-98.19830764,Surface Water,,,NE,06,16N,09WI,L,1,Kingfisher,,52,"Oil, Gas & Mining",Drilling oil and gas wells,Newfield,2019-10-28T00:00:00.000Z,2020-01-26T00:00:00.000Z,O,Pump,120,Pam Chain Pond,Pond,,Biehler 1709 1H-29X Re-Charge,,2092,,,A
-99.758821645427417,35.953942358814125,56,2019G0181,35.9539362,-99.75881316,Groundwater,NW,NE,NE,16,17N,24WI,L,1,Ellis,,53,"Oil, Gas & Mining",Drilling oil and gas wells,Mewbourne Oil Company,2019-10-07T00:00:00.000Z,2020-01-05T00:00:00.000Z,W,Pump,230,,,,Goldfinger 21/28 BO #1H,,,121OGLL,,A
-98.077267416759881,36.0362605665606,57,2019S0890,36.0362543,-98.07725934,Surface Water,,,S2,17,18N,08WI,L,0,Kingfisher,,3,"Oil, Gas & Mining",Drilling oil and gas wells,Chisholm Oil and Gas Operating,2019-09-18T00:00:00.000Z,2019-12-17T00:00:00.000Z,O,Pump,2000,Cimarron River ,Creek,,Doris 18-08-19 1MH,,2092,,,A
-97.606948477354663,34.732088370498815,58,2019S0983,34.73208231,-97.60694062,Surface Water,,E2,SW,15,03N,04WI,L,1,Garvin,,5,"Oil, Gas & Mining",Drilling oil and gas wells,Marathon Oil Company,2019-10-29T00:00:00.000Z,2020-01-27T00:00:00.000Z,O,Pump,126,Private,Pond,,"Eubanks 2,3,4,5-10-3WXH Concho 0304 1,2-10-3MXH",,1081,,,A
-97.606952780524324,34.717611933366541,59,2019S0983,34.71760588,-97.60694492,Surface Water,,N2,SW,22,03N,04WI,L,1,Garvin,,5,"Oil, Gas & Mining",Drilling oil and gas wells,Marathon Oil Company,2019-10-29T00:00:00.000Z,2020-01-27T00:00:00.000Z,O,Pump,126,Private,Pond,,"Eubanks 2,3,4,5-10-3WXH Concho 0304 1,2-10-3MXH",,1081,,,A
-98.505680105995594,35.039256571205783,60,2019S0791,35.0392505,-98.505672,Surface Water,NW,SW,NE,31,07N,12WI,L,1,Caddo,,20,"Oil, Gas & Mining",Drilling oil and gas wells,King Energy LLC,2019-08-24T00:00:00.000Z,2019-11-22T00:00:00.000Z,L,Pump,3520,pond ,Pond,,Baker 5-8 #1 WH,,1083,,,A
-97.571159596195912,34.456049983299614,61,2019S0956,34.45604397,-97.57115177,Surface Water,,,NE,24,01S,04WI,L,1,Carter,,33,"Oil, Gas & Mining",Drilling oil and gas wells,Citation Oil & Gas Corp.,2019-10-24T00:00:00.000Z,2020-01-22T00:00:00.000Z,L,Pump,4620,Brisco Pond,Pond,,Countyline Unit,,1081,,,A
-97.878780846280009,35.689486930868156,62,2019S0887,35.68948072,-97.87877285,Surface Water,,,NW,18,14N,06WI,L,1,Canadian,,80,"Oil, Gas & Mining",Drilling oil and gas wells,NewField Exploration,2019-09-18T00:00:00.000Z,2019-12-17T00:00:00.000Z,O,Pump,120,Steve Jacobs W. Pond,Pond,,"WM Wallace 1406 2H, 3H & 4H-18X  - Steve Jacobs W Pond  to Staging Pond",,2092,,,A
-99.855645545529313,35.276293141395399,63,2018G0299,35.2762871,-99.85563709,Groundwater,NE,NW,NW,09,09N,25WI,L,1,Beckham,,60,Irrigation,,Benjamin Lee Bison,2019-08-09T00:00:00.000Z,2019-11-07T00:00:00.000Z,L,Pump,500,,,60,,20180581,,111NFRR,,A
-97.819295888953761,35.11754799525869,64,2019S0745,35.11754188,-97.81928795,Surface Water,SW,SW,SE,34,08N,06WI,L,1,Grady,,38,"Oil, Gas & Mining",Crude petroleum and natural gas production,Recoil Oilfield Services LLC,2019-08-09T00:00:00.000Z,2019-11-07T00:00:00.000Z,O,Pump,2000,Grant Pond,Pond,,Blue Horseshoe,,1082,,,A
-98.746196930209223,36.176198665135523,65,2019G0153,36.17619241,-98.74618868,Groundwater,NW,SE,SE,25,20N,15WI,L,1,Major,,7,"Oil, Gas & Mining",Drilling oil and gas wells,Comanche Exploration Company LLC,2019-08-10T00:00:00.000Z,2019-11-08T00:00:00.000Z,W,Pump,100,,,,Tucker 25 1H,,,111CNDN,,A
-96.98659937017662,36.832519746173837,66,2019S0927,36.83251329,-96.98659151,Surface Water,,,SW,09,27N,03EI,L,0,Kay,,2,Industrial,Highway and street construction,Don Borneke construction,2019-10-08T00:00:00.000Z,2020-01-06T00:00:00.000Z,T,Pump,1200,Schieber farms,Pond,,,,2120,,,A
-98.090945535450089,35.476320669526828,67,2019S0856,35.4763145,-98.0909375,Surface Water,SW,NE,NW,31,12N,08WI,L,1,Canadian,,3,"Oil, Gas & Mining",Drilling oil and gas wells,Recoil Oilfield Services LLC,2019-09-18T00:00:00.000Z,2019-12-17T00:00:00.000Z,O,Pump,100,Luke Scott Pond,Pond,,Sand Pebbles,,2062,,,A
-98.676533858699656,35.848744741518033,1,2017G0305,35.84873854,-98.67652565,Groundwater,,,SW,22,16N,14WI,L,1,Dewey,,4,"Oil, Gas & Mining",Drilling oil and gas wells,"Continental Resources, Inc.",9017-09-28T00:00:00.000Z,9017-12-27T00:00:00.000Z,W,Pump,90,,,,Angela Kay 1-22H,,,111CNDN,,A
-97.807328110837119,35.834728229700218,2,2019G0166,35.83472199,-97.80732012,Groundwater,,,SE,26,16N,06WI,L,1,Kingfisher,,100,"Oil, Gas & Mining",Drilling oil and gas wells,Estack LLC,2019-09-04T00:00:00.000Z,2019-12-03T00:00:00.000Z,O,Pump,250,,,,,,,318SLPL,,
-98.14509164965159,35.573032244625345,3,2019S0770,35.57302606,-98.14508359,Surface Water,NE,,,27,13N,09WI,L,1,Canadian,,3,"Oil, Gas & Mining",Drilling oil and gas wells,Devon Energy Production Company LP,2019-08-15T00:00:00.000Z,2019-11-13T00:00:00.000Z,O,Pump,100,Private,Pond,,"Jacobs 23_14-13N-9W 2HX,3HX,4HX,5HX,7HX",,2052,,,A
-96.119716170114359,33.867544473794119,4,2019S0865,33.8675385,-96.11970875,Surface Water,SW,SW,SE,11,08S,11EI,L,0,Bryan,,12,Irrigation,,Daryl and Kristy Dowd,2019-09-17T00:00:00.000Z,2019-12-16T00:00:00.000Z,M,Pump,1000,Farm Pond,Pond,150,,20190032,1070,,,
-97.825083449548515,35.66024347030703,5,2019S0885,35.66023726,-97.82507547,Surface Water,,,SE,27,14N,06WI,L,1,Canadian,,32,"Oil, Gas & Mining",Drilling oil and gas wells,Newfield Exploration,2019-09-18T00:00:00.000Z,2019-12-17T00:00:00.000Z,O,Pump,450,Stephen Schulte Pond,Pond,,"Slash C 1406 6H, 7H, and 8H-17X, Frac - Stephen Schulte Pond to Location ",,2092,,,A
-98.510093607262576,35.037449571255628,6,2019S0791,35.0374435,-98.5100855,Surface Water,SW,SE,NW,31,07N,12WI,L,1,Caddo,,20,"Oil, Gas & Mining",Drilling oil and gas wells,King Energy LLC,2019-08-24T00:00:00.000Z,2019-11-22T00:00:00.000Z,L,Pump,3520,pond ,Pond,,Baker 5-8 #1 WH,,1083,,,A
-98.698016565337312,36.992665297060725,7,2019G0165,36.9926589,-98.69800825,Groundwater,,NE,SE,15,29N,14WI,L,1,Woods,,1,"Oil, Gas & Mining",Drilling oil and gas wells,Select Energy Services,2019-08-31T00:00:00.000Z,2019-11-29T00:00:00.000Z,W,Pump,2100,,,,Mach-Snyder,,,111SFAR,,A
-98.147732514255878,35.934871643784334,8,2019S0969,35.9348654,-98.14772443,Surface Water,,,SW,22,17N,09WI,L,1,Kingfisher,,26,"Oil, Gas & Mining",Drilling oil and gas wells,Newfield,2019-10-28T00:00:00.000Z,2020-01-26T00:00:00.000Z,O,Pump,120,Maxwell/Stewart Pond,Pond,,,,2092,,,A
-97.918235979129548,35.545215056115403,9,2019S0850,35.54520887,-97.91822798,Surface Water,SW,SW,NW,02,12N,07WI,L,1,Canadian,,3,"Oil, Gas & Mining",Drilling oil and gas wells,Recoil Oilfield Services LLC,2019-09-15T00:00:00.000Z,2019-12-14T00:00:00.000Z,O,Pump,100,Wilds Pond,Pond,,Pamunkey,,2052,,,A
-97.221640371189494,33.947644454819873,10,2019S0878,33.94763852,-97.22163267,Surface Water,,,,17,07S,01EI,L,1,Love,,3,"Oil, Gas & Mining",Drilling oil and gas wells,"XTO Energy, Inc.",2019-09-24T00:00:00.000Z,2019-12-23T00:00:00.000Z,L,Pump,120,Unknown,Pond,,"McCarty 4, 5-8H17X20X29",,1090,,,A
-99.13854865170606,35.970364958522168,11,2019S0762,35.97035876,-99.13854032,Surface Water,NE,NW,NE,08,17N,18WI,L,1,Dewey,,40,"Oil, Gas & Mining",Drilling oil and gas wells,Mewbourne Oil Company,2019-08-27T00:00:00.000Z,2019-11-25T00:00:00.000Z,W,Pump,150,Myers Pond,Pond,,Ronnie 17/20 AO #1HC,,2063,,,A
-97.624637338011013,34.528896696523837,12,2019S0793,34.52889067,-97.62462949,Surface Water,,NW,NW,28,01N,04WI,L,1,Stephens,,77,"Oil, Gas & Mining",Drilling oil and gas wells,Select Energy Services,2019-08-29T00:00:00.000Z,2019-11-27T00:00:00.000Z,L,Pump,2100,McNatt Pond,Pond,,Casillas-McNatt,,1081,,,A
-97.69699715556591,34.993243714912794,13,2019S0805,34.99323761,-97.69698926,Surface Water,,,S2,14,06N,05WI,L,1,Grady,,4,"Oil, Gas & Mining",Drilling oil and gas wells,"Continental Resources, Inc.",2019-09-24T00:00:00.000Z,2019-12-23T00:00:00.000Z,O,Pump,100,Thompson Pond ,Pond,,"McBryde 2,3,4,5,6",,1082,,,A
-97.570811307266609,34.830822766748021,14,2019S0808,34.83081669,-97.57080345,Surface Water,SE,N2,S2,12,04N,04WI,L,1,Garvin,,64,"Oil, Gas & Mining",Drilling oil and gas wells,Marathon Oil Company,2019-08-27T00:00:00.000Z,2019-11-25T00:00:00.000Z,O,Pump,4200,Washita River,Stream,,Bowser 0304 1-8-5SXH & Bowser 0304 2-8-5SXH,,1082,,,A
-98.292376286121126,35.318742941402235,15,2019S0765,35.31873681,-98.29236821,Surface Water,NW,NE,NE,30,10N,10WI,L,1,Caddo,,15,"Oil, Gas & Mining",Drilling oil and gas wells,"Citizen Energy II, L.L.C",2019-08-14T00:00:00.000Z,2019-11-12T00:00:00.000Z,L,Pump,150,medicine creek,Creek,,Bowling 1H-21-16,,1082,,,A
-98.165640972792588,35.949462376959175,16,2019S0966,35.94945613,-98.16563288,Surface Water,,,NW,16,17N,09WI,L,1,Kingfisher,,39,"Oil, Gas & Mining",Drilling oil and gas wells,Newfield Exploration,2019-10-28T00:00:00.000Z,2020-01-26T00:00:00.000Z,O,Pump,450,Tim West Pond,Pond,,"Channel 1709 5H, 6H & 7H-30X Frac - Tim West Pond To Location",,2092,,,A
-95.975799973349424,35.182510723359044,17,2019S0982,35.1825045,-95.9757925,Surface Water,SE,SE,NW,07,08N,13EI,L,0,McIntosh,,150,"Oil, Gas & Mining",Drilling oil and gas wells,"Calyx Enegy III, LLC",2019-11-06T00:00:00.000Z,2020-02-04T00:00:00.000Z,M,Pump,5040,Middle Creek,Pond,,Edison,,2030,,,A
-97.430981957569188,34.398002541143086,18,2019S0800,34.39799653,-97.43097417,Surface Water,,,NE,08,02S,02WI,L,1,Carter,,4,"Oil, Gas & Mining",Drilling oil and gas wells,"Continental Resources, Inc.",2019-08-23T00:00:00.000Z,2019-11-21T00:00:00.000Z,L,Pump,100,Godwin Pond ,Pond,,Wagner 1-17-8XHW ,,1081,,,A
-97.589248005077948,34.630477060744148,19,2019S0862,34.63047102,-97.58924016,Surface Water,,,SE,23,02N,04WI,L,1,Stephens,,10,"Oil, Gas & Mining",Drilling oil and gas wells,Newfield Exploration,2019-09-18T00:00:00.000Z,2019-12-17T00:00:00.000Z,L,Pump,90,Newfield Pond,Pond,,"Mary J 2-4-25-36-3HA, Mary J 2-4-25-36-11HA, Mary J 2-4-25-36-2HA, Mary J 2-4-25-36-10HA",,1081,,,A
-96.754947254782223,35.959577320993375,20,2019S0825,35.959571,-96.75493952,Surface Water,NE,SW,SE,10,17N,05EI,L,0,Payne,,0.1,Industrial,Water and sewer pipeline construction,Enbridge Storage (Cushing),2019-09-04T00:00:00.000Z,2019-12-03T00:00:00.000Z,T,Pump,400,Private,Pond,,Hydrostatci Testing,,2110,,,
-97.73233649081952,34.920608431562925,21,2019S0916,34.92060234,-97.73232859,Surface Water,,,NE,09,05N,05WI,L,0,Grady,,5,Industrial,Highway and street construction,Brad Garrett Construction,2019-10-03T00:00:00.000Z,2020-01-01T00:00:00.000Z,O,Pump,,Washita River,Stream,,Jon Snow Pipeline Bore,,1082,,,
-97.714796855823053,35.036939283674634,22,2019S0742,35.03693318,-97.71478895,Surface Water,,SW,SE,34,07N,05WI,L,1,Grady,,12,"Oil, Gas & Mining",Drilling oil and gas wells,Select Energy Services,2019-08-07T00:00:00.000Z,2019-11-05T00:00:00.000Z,O,Pump,2100,Ashford Pond,Pond,,CLR-Green Acres,,1082,,,A
-97.985992676997,35.558510115068785,23,2019S0740,35.55850393,-97.98598466,Surface Water,,,SW,31,13N,07WI,L,1,Canadian,,152,"Oil, Gas & Mining",Drilling oil and gas wells,Jones Energy,2019-08-28T00:00:00.000Z,2019-11-26T00:00:00.000Z,O,Pump,3500,North Canadian river,Creek,,Phoenix 2MH-5MH multi well pad.  38 acre/ft per well,,2052,,,A
-95.500081971451593,35.126534770174381,24,2019S0932,35.12652854,-95.50007462,Surface Water,NE,SE,NW,34,08N,17EI,L,1,Pittsburg,,24,"Oil, Gas & Mining",Drilling oil and gas wells,Trinity Operating,2019-10-09T00:00:00.000Z,2020-01-07T00:00:00.000Z,M,Pump,3800,Private,Pond,,Greta Pad,,2030,,,A
-97.857203302454863,35.355851540058218,25,2019S0783,35.35584538,-97.85719534,Surface Water,,NE,NW,08,10N,06WI,L,1,Canadian,,128,"Oil, Gas & Mining",Drilling oil and gas wells,Select Energy Services,2019-09-01T00:00:00.000Z,2019-11-30T00:00:00.000Z,O,Pump,2100,South Canadian River,Stream,,Roan-Northern Dancer,,2062,,,A
-97.998035435478357,36.095847748569966,26,2019S0746,36.09584147,-97.99802738,Surface Water,SE,SE,NE,25,19N,08WI,L,0,Kingfisher,,3,"Oil, Gas & Mining",Crude petroleum and natural gas production,"Chisholm Oil and Gas Operating, LLC",2019-08-07T00:00:00.000Z,2019-11-05T00:00:00.000Z,O,Pump,2000,Holder Pit ,Pond,,Governor Pease 19-07-18 1MH,,2092,,,A
-97.790726421179386,34.961431593564818,27,2019S0978,34.9614255,-97.7907185,Surface Water,SE,NW,SW,25,06N,06WI,L,1,Grady,,80,"Oil, Gas & Mining",Drilling oil and gas wells,Aquahawk Energy LLC,2019-10-29T00:00:00.000Z,2020-01-27T00:00:00.000Z,O,Pump,2100,Wahita River,Stream,,Farms,20180095,1082,,,A
-97.875081362659259,35.384542691287201,161,2019S0838,35.38453653,-97.87507339,Surface Water,,SE,NW,31,11N,06WI,L,1,Canadian,,128,"Oil, Gas & Mining",Drilling oil and gas wells,Select Energy Services,2019-09-27T00:00:00.000Z,2019-12-26T00:00:00.000Z,O,Pump,2100,Zajiks Pond,Pond,,Roan-Battleship,,2062,,,A
-98.198179889150424,35.790375313282389,162,2019S0898,35.7903691,-98.1981718,Surface Water,NW,,,07,15N,09WI,L,1,Kingfisher,,75,"Oil, Gas & Mining",Drilling oil and gas wells,Devon Energy Production Company,2019-09-25T00:00:00.000Z,2019-12-24T00:00:00.000Z,O,Pump,110,Private,Pond,,"Fleenor 5_8_17-15N-10W 3HXX,4HXX,5HXX",,2092,,,A
-94.977375167905905,36.231436247034033,163,2019G0168,36.23142979,-94.97736787,Groundwater,SE,NE,NE,08,20N,22EI,L,1,Delaware,,10,Agriculture,Chicken farms and ranches,Nghi Truong and Thuy Diem Nguyen,2019-08-24T00:00:00.000Z,2019-11-22T00:00:00.000Z,T,Pump,70,,,,,20170585,,367RBDX,,
-97.571159596195912,34.456049983299614,164,2019S0905,34.45604397,-97.57115177,Surface Water,,NW,NE,24,01S,04WI,L,0,Stephens,,33,"Oil, Gas & Mining",Drilling oil and gas wells,Citation Oil & Gas Corp.,2019-09-26T00:00:00.000Z,2019-12-25T00:00:00.000Z,L,Pump,4620,Brisco Pond,Pond,,Countyline Unit,,1081,,,A
-94.580316929671596,36.124771963844054,165,2019S0947,36.1247655,-94.58030975,Surface Water,NE,NW,SW,18,19N,26EI,L,1,Adair,,2,Industrial,Highway and street construction,Verdigris Valley Sod Farms,2019-10-18T00:00:00.000Z,2020-01-16T00:00:00.000Z,T,Pump,300,Ballard Creek,Stream,,ODOT NHPP-101A(052),,2170,,,A
-98.041532323081839,36.050920766520449,166,2019G0163,36.0509145,-98.04152426,Groundwater,,,S2,10,18N,08WI,L,1,Kingfisher,,3,"Oil, Gas & Mining",Drilling oil and gas wells,"Chisholm Oil and Gas Operating, LLC",2019-08-19T00:00:00.000Z,2019-11-17T00:00:00.000Z,O,Pump,2000,,,,Phoenix 1808 16-1MH,,,313ELRN,,A
-96.746013727460905,35.925071817222033,167,2019G0157,35.9250655,-96.746006,Groundwater,SE,NW,NW,26,17N,05EI,L,1,Lincoln,,0.3,Industrial,Industrial Use (miscellaneous),Magellan Pipeline Company LP,2019-08-12T00:00:00.000Z,2019-11-10T00:00:00.000Z,O,Pump,200,,,,,,,322VFAG,,
-97.634209985588882,34.691270768929321,168,2019S0804,34.69126472,-97.63420212,Surface Water,NE,SE,NE,32,03N,04WI,L,1,Garvin,,80,"Oil, Gas & Mining",Drilling oil and gas wells,Aquahawk Energy LLC,2019-08-26T00:00:00.000Z,2019-11-24T00:00:00.000Z,O,Pump,1500,Rush Creek,Creek,,Lindsay Project,,1081,,,A
-99.755183705387026,36.023334744511587,169,2019G0177,36.02332857,-99.75517521,Groundwater,NW,SW,NW,22,18N,24WI,L,1,Ellis,,4,"Oil, Gas & Mining",Drilling oil and gas wells,Canadian Water Well Rental,2019-09-24T00:00:00.000Z,2019-12-23T00:00:00.000Z,W,Pump,210,,,,Pecks Pit / Four Point,,,121OGLL,,
-96.837740497840755,35.877749804340432,170,2019S0757,35.8777435,-96.83773275,Surface Water,SE,SW,NW,12,16N,04EI,L,0,Lincoln,,1,"Oil, Gas & Mining",Drilling oil and gas wells,Spess Oil Company,2019-08-13T00:00:00.000Z,2019-11-11T00:00:00.000Z,O,Pump,30,Private,Pond,,Cole 1-12,,2070,,,
-98.219025252573473,35.963961272111874,171,2019S0952,35.96395503,-98.21901715,Surface Water,,,SW,12,17N,10WI,L,1,Blaine,,59,"Oil, Gas & Mining",Drilling oil and gas wells,Newfield Exploration,2019-10-22T00:00:00.000Z,2020-01-20T00:00:00.000Z,W,Pump,450,Winter Bros. Pond,Pond,,"Channel 1709 2H, 3H & 4H-30X Frac - Winter Bros.",,2092,,,A
-99.58329702426677,35.867611138783765,172,2019G0158,35.86760498,-99.58328859,Groundwater,W2,NW,NW,18,16N,22WI,L,1,Ellis,,20,"Oil, Gas & Mining",Drilling oil and gas wells,Kaiser-Francis Oil Co,2019-08-13T00:00:00.000Z,2019-11-11T00:00:00.000Z,W,Pump,125,,,,ODWC 7-16-22-1H,,,111CNDN,,
-97.749883473187126,34.862374959950643,173,2019S0749,34.86236888,-97.74987557,Surface Water,,NE,SE,32,05N,05WI,L,1,Grady,,15,"Oil, Gas & Mining",Drilling oil and gas wells,Gulfport Energy,2019-08-09T00:00:00.000Z,2019-11-07T00:00:00.000Z,O,Pump,1500,Mitchusson Pond,Pond,,North Ryan 5-5X8H,,1082,,,A
-98.180773613170544,35.862852780540678,174,2019S0755,35.86284655,-98.18076553,Surface Water,SW,,,17,16N,09WI,L,1,Kingfisher,,26,"Oil, Gas & Mining",Drilling oil and gas wells,Devon Energy Production Company LP,2019-08-12T00:00:00.000Z,2019-11-10T00:00:00.000Z,O,Pump,110,Private,Pond,,Privott 17_20-16N-9W 2HX,,2092,,,A
-97.896720508109581,35.718698306838931,68,2019S0880,35.71869209,-97.8967125,Surface Water,,,NW,01,14N,07WI,L,1,Canadian,,52,"Oil, Gas & Mining",Drilling oil and gas wells,NewField Exploration,2019-09-17T00:00:00.000Z,2019-12-16T00:00:00.000Z,O,Pump,120,Doug Wittrock Pond,Pond,,"WM Wallace 1406 2H, 3H & 4H-18X  - Doug Wittrock",,2092,,,A
-97.860849530282195,35.67477642855426,69,2019S0861,35.67477021,-97.86084154,Surface Water,,,SW,20,14N,06WI,L,1,Canadian,,80,"Oil, Gas & Mining",Drilling oil and gas wells,Newfield,2019-09-17T00:00:00.000Z,2019-12-16T00:00:00.000Z,O,Pump,2500,Martin Peters Pond,Pond,,"Slash C 1406 2H, 3H, 4H & 5H-17X",,2092,,,A
-97.790726421179386,34.961431593564818,70,2019S0912,34.9614255,-97.7907185,Surface Water,SE,NW,SW,25,06N,06WI,L,1,Grady,,80,"Oil, Gas & Mining",Drilling oil and gas wells,Aquahawk Energy LLC,2019-10-01T00:00:00.000Z,2019-12-30T00:00:00.000Z,O,Pump,2100,Wahita River,Stream,,Farms,20180095,1082,,,A
-97.808358796334673,34.906861617361628,71,2019S0955,34.90685554,-97.80835087,Surface Water,SE,SW,NW,14,05N,06WI,L,1,Grady,,6.1,Industrial,Water and sewer pipeline construction,ONEOK Arbuckle II Pipeline Project,2019-10-27T00:00:00.000Z,2020-01-25T00:00:00.000Z,O,Pump,2000,Roaring Creek Site S-4 Reservoir ,Pond,,Hydrostatic Testing,,1082,,,A
-99.93638063219305,36.17390470981222,72,2019G0172,36.17389852,-99.93637208,Groundwater,SE,SE,SE,26,20N,26WI,L,1,Ellis,,1,"Oil, Gas & Mining",Drilling oil and gas wells,Four Point Energy,2019-09-12T00:00:00.000Z,2019-12-11T00:00:00.000Z,W,Pump,920,,,,Rock Creek 36X25-20-26 2HB&IHA,,,121OGLL,,
-98.183484757615801,35.934934422254727,73,2019S0812,35.93492818,-98.18347666,Surface Water,,,SW,20,17N,09WI,L,1,Kingfisher,,8,"Oil, Gas & Mining",Drilling oil and gas wells,Newfield,2019-08-28T00:00:00.000Z,2019-11-26T00:00:00.000Z,O,Pump,80,Dusty Biehler Pond,Pond,,"Biehler 1709 2H, 3H & 4H-29X",,2092,,,A
-96.575069115890216,34.107086865014068,74,2019S0901,34.10708087,-96.57506156,Surface Water,,,SW,21,05S,07EI,L,1,Marshall,,4,"Oil, Gas & Mining",Drilling oil and gas wells,Cimarex Energy Co,2019-09-27T00:00:00.000Z,2019-12-26T00:00:00.000Z,M,Pump,100,Washita RIver,Stream,,Metz 105-3,,1090,,,A
-99.788651388447832,36.028913110128144,75,2019G0189,36.02890694,-99.78864289,Groundwater,SE,SW,SW,17,18N,24WI,L,1,Ellis,,10,"Oil, Gas & Mining",Drilling oil and gas wells,Canadian Water Well Rental,2019-10-29T00:00:00.000Z,2020-01-27T00:00:00.000Z,W,Pump,400,,,,Warchime ,,,121OGLL,,
-98.227004192254086,36.087980596209796,76,2019S0835,36.08797433,-98.22699607,Surface Water,SW,SW,SW,25,19N,10WI,L,1,Blaine,,30,"Oil, Gas & Mining",Drilling oil and gas wells,"Husky Ventures, Inc.",2019-09-09T00:00:00.000Z,2019-12-08T00:00:00.000Z,W,Pump,1000,Spring Creek,Stream,,Hulk 1-25H,,2092,,,A
-97.420711332716095,35.041468626661093,77,2019S0984,35.0414625,-97.4207035,Surface Water,SE,NW,NW,33,07N,02WI,L,0,McClain,,194,"Oil, Gas & Mining",Drilling oil and gas wells,4M Family Revocable Trust,2019-11-01T00:00:00.000Z,2020-01-30T00:00:00.000Z,O,Pump,3500,Walnut Creek,Creek,,Parker Kent,,2061,,,
-98.041532323081839,36.050920766520449,78,2019G0174,36.0509145,-98.04152426,Groundwater,,,S2,10,18N,08WI,L,1,Kingfisher,,3,"Oil, Gas & Mining",Bituminous coal and lignite extraction,"Chisholm Oil and Gas Operating, LLC",2019-09-20T00:00:00.000Z,2019-12-19T00:00:00.000Z,O,Pump,2000,,,,DARREL 1808 10-1MH,,,111CMRN,,A
-97.466228000883433,34.383552461194597,79,2019S0833,34.38354646,-97.4662202,Surface Water,,SE,SE,13,02S,03WI,L,1,Carter,,58,"Oil, Gas & Mining",Dimensional Stone,Select Energy Services,2019-09-12T00:00:00.000Z,2019-12-11T00:00:00.000Z,L,Pump,2100,J Paul Johnson Pond,Pond,,Continental-Courbet,,1081,,,A
-97.843064818741084,35.645800246041709,80,2019S0875,35.64579404,-97.84305683,Surface Water,,,NE,33,14N,06WI,L,1,Canadian,,65,"Oil, Gas & Mining",Drilling oil and gas wells,Newfield,2019-09-17T00:00:00.000Z,2019-12-16T00:00:00.000Z,O,Pump,2500,Ed Rother Pond,Pond,,"Slash C 1406 2H, 3H & 4H-17X FRAC",,2092,,,A
-97.642152552817493,34.775742553288012,81,2019S0949,34.77573649,-97.64214468,Surface Water,,SW,NW,32,04N,04WI,L,1,Garvin,,4,"Oil, Gas & Mining",Drilling oil and gas wells,Select Energy Services,2019-10-22T00:00:00.000Z,2020-01-20T00:00:00.000Z,O,Pump,2100,Wren Pond,Pond,,RimRock-Clydesdale,,1082,,,A
-98.162829003215307,35.790522088643762,82,2019S0858,35.79051587,-98.16282093,Surface Water,SE,,,09,15N,09WI,L,1,Kingfisher,,32,"Oil, Gas & Mining",Drilling oil and gas wells,Devon Energy Production Company LP,2019-09-16T00:00:00.000Z,2019-12-15T00:00:00.000Z,O,Pump,1200,Private,Pond,,"McCarthy 10_3-15N-9W 2HX, 4HX, 5HX, 6HX",,2092,,,A
-94.890136768131342,36.215013829569195,83,2019G0164,36.21500737,-94.8901295,Groundwater,NW,SE,NE,18,20N,23EI,L,1,Delaware,,10,Agriculture,Chicken farms and ranches,Chau Tran and Donna Nguyen,2019-08-27T00:00:00.000Z,2019-11-25T00:00:00.000Z,T,Pump,25,,,,,20170583,,367RBDX,,
-97.501666297368843,34.790107900552414,84,2019S0751,34.79010183,-97.50165846,Surface Water,,SW,NW,27,04N,03WI,L,1,Garvin,,1,"Oil, Gas & Mining",Crude petroleum and natural gas production,Select Energy Services,2019-08-14T00:00:00.000Z,2019-11-12T00:00:00.000Z,O,Pump,80,Lewis pond,Pond,,DayLight-Lewis,,1082,,,A
-97.642242286532365,34.514398814209471,85,2019S0788,34.5143928,-97.64223444,Surface Water,,,N2,32,01N,04WI,L,1,Stephens,,120,"Oil, Gas & Mining",Drilling oil and gas wells,"Soar Energy Solutions, LLC",2019-08-19T00:00:00.000Z,2019-11-17T00:00:00.000Z,L,Pump,2100,Black Bear Creek,Creek,,Ringer Ranch,,1081,,,A
-98.491601908406494,35.486092312245148,86,2019S0864,35.48608616,-98.49159377,Surface Water,,,N2,29,12N,12WI,L,0,Caddo,,52,"Oil, Gas & Mining",Drilling oil and gas wells,Lynx Oklahoma Operating,2019-09-17T00:00:00.000Z,2019-12-16T00:00:00.000Z,L,Pump,4000,Private,Pond,,Captain 6-31-11-12 1HXL,,2063,,,
-97.874834148374973,35.355872896438861,87,2019S0829,35.35586674,-97.87482618,Surface Water,,SW,NW,07,10N,06WI,L,1,Canadian,,106,"Oil, Gas & Mining",Drilling oil and gas wells,Select Energy Services,2019-09-17T00:00:00.000Z,2019-12-16T00:00:00.000Z,O,Pump,2100,South Canadian River,Stream,,Roan-Big Brown,,2062,,,A
-98.510093606875898,35.035658070547065,88,2019S0791,35.035652,-98.5100855,Surface Water,NW,NE,SW,31,07N,12WI,L,1,Caddo,,20,"Oil, Gas & Mining",Drilling oil and gas wells,King Energy LLC,2019-08-24T00:00:00.000Z,2019-11-22T00:00:00.000Z,L,Pump,3520,pond ,Pond,,Baker 5-8 #1 WH,,1083,,,A
-98.106300360591987,35.478145670240743,89,2019S0817,35.4781395,-98.10629232,Surface Water,NE,NE,NW,36,12N,09WI,L,1,Canadian,,3,"Oil, Gas & Mining",Drilling oil and gas wells,Recoil Oilfield Services LLC,2019-09-06T00:00:00.000Z,2019-12-05T00:00:00.000Z,O,Pump,150,Hanneman Pond,Pond,,Paloma Hanneman,,2062,,,A
-97.395595426714465,36.333860855322015,90,2019S0908,36.3338545,-97.3955875,Surface Water,SE,SW,SE,34,22N,02WI,L,0,Noble,,1,"Oil, Gas & Mining",Drilling oil and gas wells,Davidson Energy,2019-10-01T00:00:00.000Z,2019-12-30T00:00:00.000Z,T,Pump,10,Private,Pond,,Wollard 3,,2110,,,
-98.441464649060578,36.673909236366356,91,2019S0950,36.67390288,-98.44145643,Surface Water,,NE,NE,01,25N,12WI,L,1,Alfalfa,,3,"Oil, Gas & Mining",Dimensional Stone,Select Energy Services,2019-10-24T00:00:00.000Z,2020-01-22T00:00:00.000Z,W,Pump,2100,Schickendanz Pond,Pond,,Mach-McCrady,,2102,,,A
-97.058223153252655,36.658958442294242,92,2019S0904,36.65895201,-97.05821529,Surface Water,,,W2,11,25N,02EI,L,0,Kay,,1,Industrial,Highway and street construction,Bradford Boring,2019-09-26T00:00:00.000Z,2019-12-25T00:00:00.000Z,T,Pump,30,Arkansas River,Stream,,Road Boring,,2120,,,
-97.860849530282195,35.67477642855426,93,2019S0876,35.67477021,-97.86084154,Surface Water,,,SW,20,14N,06WI,L,1,Canadian,,32,"Oil, Gas & Mining",Drilling oil and gas wells,Newfield,2019-09-18T00:00:00.000Z,2019-12-17T00:00:00.000Z,O,Pump,2500,Brandon Nicholson Pond,Pond,,"Slash C 1406 2H, 3H & 4H-17X FRAC",,2092,,,A
-97.642286221631124,34.819275572172806,94,2019S0777,34.8192695,-97.64227835,Surface Water,,SE,NW,17,04N,04WI,L,1,Grady,,95,"Oil, Gas & Mining",Drilling oil and gas wells,Select Energy Services,2019-08-20T00:00:00.000Z,2019-11-18T00:00:00.000Z,O,Pump,2100,Washita River,Stream,,Casillas-Pappy 1-17-8 WXH,,1082,,,A
-97.770176459691925,35.544954697910534,95,2019G0184,35.5449485,-97.7701685,Groundwater,SE,SE,NW,06,12N,05WI,L,1,Canadian,,1,"Oil, Gas & Mining",Drilling oil and gas wells,Aquahawk Energy LLC,2019-10-16T00:00:00.000Z,2020-01-14T00:00:00.000Z,O,Pump,210,,,,Embrey 3,,,313ELRN,,A
-97.888920168704416,35.806694703088588,96,2019S0895,35.80668847,-97.88891216,Surface Water,SE,SE,NE,01,15N,07WI,L,1,Kingfisher,,77,"Oil, Gas & Mining",Drilling oil and gas wells,Recoil Oilfield Services LLC,2019-09-26T00:00:00.000Z,2019-12-25T00:00:00.000Z,O,Pump,2730,Garrett Pond,Pond,,Little Joe,,2092,,,A
-98.441464649060578,36.673909236366356,97,2019S0845,36.67390288,-98.44145643,Surface Water,,NE,NE,01,25N,12WI,L,1,Alfalfa,,4,"Oil, Gas & Mining",Drilling oil and gas wells,Select Energy Services,2019-09-15T00:00:00.000Z,2019-12-14T00:00:00.000Z,W,Pump,2100,Schickendanz Pond,Pond,,Mach-McCrady,,2102,,,A
-98.077267416759881,36.0362605665606,98,2019S0888,36.0362543,-98.07725934,Surface Water,,,S2,17,18N,08WI,L,1,Kingfisher,,3,"Oil, Gas & Mining",Drilling oil and gas wells,Chisholm Oil and Gas Operating,2019-09-19T00:00:00.000Z,2019-12-18T00:00:00.000Z,O,Pump,2000,Cimarron River,Stream,,PhilWW 1808 17-1MH,,2092,,,A
-98.165961542129693,36.065113049560217,99,2019S0847,36.06510678,-98.16595344,Surface Water,,,S2,04,18N,09WI,L,1,Kingfisher,,3,"Oil, Gas & Mining",Drilling oil and gas wells,Chisholm Oil and Gas Operating,2019-09-11T00:00:00.000Z,2019-12-10T00:00:00.000Z,O,Pump,2000,Geis Pond,Pond,,TEXAS RANGERS 19-09-33 1H,,2092,,,A
-98.092135603695326,35.776251115484904,100,2019S0907,35.7762449,-98.09212754,Surface Water,NE,,,18,15N,08WI,L,1,Kingfisher,,1,"Oil, Gas & Mining",Drilling oil and gas wells,Devon Energy Production Company,2019-09-30T00:00:00.000Z,2019-12-29T00:00:00.000Z,O,Pump,120,unknown,Stream,,Safari 0706 3AH,,2092,,,A
-97.878802147718858,35.674934215350383,101,2019S0877,35.674928,-97.87879415,Surface Water,,,SE,19,14N,06WI,L,1,Canadian,,80,"Oil, Gas & Mining",Drilling oil and gas wells,Newfield,2019-09-20T00:00:00.000Z,2019-12-19T00:00:00.000Z,O,Pump,2500,Merveldt Pond,Pond,,"WM Wallace 2H, 3H & 4H-18X FRAC",,2092,,,A
-94.887898228672881,36.215013964495874,102,2019G0164,36.2150075,-94.88789096,Groundwater,NE,SE,NE,18,20N,23EI,L,1,Delaware,,10,Agriculture,Chicken farms and ranches,Chau Tran and Donna Nguyen,2019-08-27T00:00:00.000Z,2019-11-25T00:00:00.000Z,T,Pump,25,,,,,20170583,,367RBDX,,
-97.964893306487966,35.383662310523277,103,2019S0747,35.38365615,-97.96488531,Surface Water,NE,NE,SW,32,11N,07WI,L,1,Canadian,,2,"Oil, Gas & Mining",Drilling oil and gas wells,Brickman Fastline Inc.,2019-08-09T00:00:00.000Z,2019-11-07T00:00:00.000Z,O,Pump,130,Woods Pond,Pond,,Unbridled,,2062,,,A
-97.71465527206631,34.96422328045017,104,2019S0760,34.96421719,-97.71464737,Surface Water,,,NW,27,06N,05WI,L,1,Grady,,4,"Oil, Gas & Mining",Drilling oil and gas wells,"Continental Resources, Inc.",2019-08-13T00:00:00.000Z,2019-11-11T00:00:00.000Z,O,Pump,100,Rimer Pond ,Pond,,"Galvin 3, Galvin 4, Sparks 2",,1082,,,A
-97.606948477354663,34.732088370498815,105,2019S0983,34.73208231,-97.60694062,Surface Water,,NE,SW,15,03N,04WI,L,1,Garvin,,5,"Oil, Gas & Mining",Drilling oil and gas wells,Marathon Oil Company,2019-10-29T00:00:00.000Z,2020-01-27T00:00:00.000Z,O,Pump,126,Private,Pond,,"Eubanks 2,3,4,5-10-3WXH Concho 0304 1,2-10-3MXH",,1081,,,A
-95.526894982399526,35.179237210920448,106,2019S0924,35.17923097,-95.52688762,Surface Water,SE,NE,SE,08,08N,17EI,L,1,Pittsburg,,129,"Oil, Gas & Mining",Drilling oil and gas wells,Trinity Operating,2019-10-07T00:00:00.000Z,2020-01-05T00:00:00.000Z,M,Pump,3800,Lake Eufaula,Federal,,Alamo East Pad,,2030,,,A
-98.711324224144406,36.67427434892884,107,2019S0868,36.67426801,-98.71131594,Surface Water,,NW,SE,04,25N,14WI,L,1,Woods,,4,"Oil, Gas & Mining",Drilling oil and gas wells,Select Energy Services,2019-09-23T00:00:00.000Z,2019-12-22T00:00:00.000Z,W,Pump,2100,Percival Pond,Pond,,Mach-L&D Land and Cattle,,2092,,,A
-97.75287006849652,35.588214808237815,108,2019S0799,35.5882086,-97.75286211,Surface Water,SW,SW,NE,20,13N,05WI,L,1,Canadian,,3,"Oil, Gas & Mining",Drilling oil and gas wells,Brickman Fastline Inc.,2019-08-23T00:00:00.000Z,2019-11-21T00:00:00.000Z,O,Pump,100,Treece Pond,Pond,,Bolding,,2092,,,A
-98.570055261128459,35.732366490357208,109,2019S0685,35.7323603,-98.57004709,Surface Water,,,SW,34,15N,13WI,L,1,Blaine,,4,"Oil, Gas & Mining",Drilling oil and gas wells,"Continental Resources, Inc.",2019-08-25T00:00:00.000Z,2019-11-23T00:00:00.000Z,W,Pump,100,Cowan pond ,Pond,,"Randolph 3,4,5,6",,2063,,,A
-98.094926074833694,36.036195114985794,110,2019S0786,36.03618885,-98.09491799,Surface Water,,,NW,18,18N,08WI,L,1,Kingfisher,,3,"Oil, Gas & Mining",Drilling oil and gas wells,"Chisholm Oil and Gas Operating, LLC",2019-08-19T00:00:00.000Z,2019-11-17T00:00:00.000Z,O,Pump,2000,Meinders Pond,Pond,,PhilWW 1808 17-1MH,,2092,,,A
-98.127465701824221,35.848561491756229,111,2019S0831,35.84855526,-98.12745763,Surface Water,SW,,,23,16N,09WI,L,1,Kingfisher,,26,"Oil, Gas & Mining",Drilling oil and gas wells,Devon Energy Production Company,2019-09-06T00:00:00.000Z,2019-12-05T00:00:00.000Z,O,Pump,84,unknown,Stream,,Cascade 1423 1H,,2092,,,A
-98.441464649060578,36.673909236366356,112,2019S0846,36.67390288,-98.44145643,Surface Water,,NE,NE,01,25N,12WI,L,1,Alfalfa,,4,"Oil, Gas & Mining",Drilling oil and gas wells,Select Energy Services,2019-09-16T00:00:00.000Z,2019-12-15T00:00:00.000Z,W,Pump,2100,Schickendanz Pond,Pond,,Mach-Clifford,,2102,,,A
-98.049572355539198,36.529537969472223,113,2019G0187,36.52953162,-98.04956425,Groundwater,SW,SW,NW,27,24N,08WI,L,1,Garfield,,90,Irrigation,,Lew Meibergen,2019-10-23T00:00:00.000Z,2020-01-21T00:00:00.000Z,W,Pump,75,,,200,,,,318BSON,,A
-97.679334251286107,34.993213096557575,114,2019S0803,34.99320699,-97.67932636,Surface Water,,,SE,13,06N,05WI,L,1,Grady,,4,"Oil, Gas & Mining",Drilling oil and gas wells,"Continental Resources, Inc.",2019-09-06T00:00:00.000Z,2019-12-05T00:00:00.000Z,O,Pump,100,Palmer Pond ,Pond,,Cooley 4-24-25-36XHW ,,1082,,,A
-97.860849530282195,35.67477642855426,115,2019S0873,35.67477021,-97.86084154,Surface Water,,,SW,20,14N,06WI,L,1,Canadian,,52,"Oil, Gas & Mining",Drilling oil and gas wells,Newfield,2019-09-18T00:00:00.000Z,2019-12-17T00:00:00.000Z,O,Pump,2500,"Slash C 1406 2H,3H & 4H-17X FRAC",Pond,,John Niemann Pond,,2092,,,A
-97.567508846749732,34.830808076300436,116,2019S0917,34.830802,-97.56750099,Surface Water,S2,N2,SE,12,04N,04WI,L,1,Garvin,,64,"Oil, Gas & Mining",Drilling oil and gas wells,Marathon Oil Company,2019-09-11T00:00:00.000Z,2019-12-10T00:00:00.000Z,O,Pump,4200,Washita River,Creek,,McCloud 0304 1-6SH and Starfox 0304 2-7-6SXH Completion Water Permit,,1082,,,A
-97.570808481706408,34.834417611792503,117,2019S0807,34.83441153,-97.57080063,Surface Water,SE,S2,N2,12,04N,04WI,L,1,Garvin,,39,"Oil, Gas & Mining",Drilling oil and gas wells,Marathon Oil Company,2019-08-21T00:00:00.000Z,2019-11-19T00:00:00.000Z,O,Pump,4200,Washita River,Stream,,Yoshi 0304 1-5-32SXH,,1082,,,A
-99.806364812040542,36.041541836597084,118,2019S0909,36.04153566,-99.80635631,Surface Water,NE,NW,NW,18,18N,24WI,L,0,Ellis,,10,"Oil, Gas & Mining",Drilling oil and gas wells,Canadian Water Well Rental,2019-10-01T00:00:00.000Z,2019-12-30T00:00:00.000Z,W,Pump,150,Creek,Creek,,Warchime,,2063,,,
-97.593606428731277,34.65858463364313,119,2019S0972,34.65857859,-97.59359858,Surface Water,N2,N2,SW,11,02N,04WI,L,0,Stephens,,1,"Oil, Gas & Mining",Crude petroleum and natural gas production,Marathon Oil Company,2019-10-25T00:00:00.000Z,2020-01-23T00:00:00.000Z,L,Pump,420,N/A,Pond,,Papa Pump 0204 2-3-34SXH,,1081,,,A
-97.770761409070673,34.861390076907291,120,2019S0883,34.861384,-97.7707535,Surface Water,NW,NE,SW,31,05N,05WI,L,1,Grady,,80,"Oil, Gas & Mining",Drilling oil and gas wells,Aquahawk Energy LLC,2019-09-18T00:00:00.000Z,2019-12-17T00:00:00.000Z,O,Pump,2100,Stephenson Pond,Pond,,Singer 4,,1082,,,A
-97.221734720052069,33.962160991548103,121,2019S0941,33.96215505,-97.22172701,Surface Water,,,S2,08,07S,01EI,L,1,Love,,3,"Oil, Gas & Mining",Drilling oil and gas wells,"XTO Energy, Inc.",2019-10-16T00:00:00.000Z,2020-01-14T00:00:00.000Z,L,Pump,120,Private,Pond,,McCarty 3-17H20X29,,1090,,,A
-96.078966375763557,35.116894287915322,122,2019S0780,35.11688808,-96.07895888,Surface Water,SW,SW,SE,31,08N,12EI,L,1,Hughes,,129,"Oil, Gas & Mining",Drilling oil and gas wells,Trinity Operating,2019-08-16T00:00:00.000Z,2019-11-14T00:00:00.000Z,M,Pump,300,Private,Pond,,Gobbler Pad,,2030,,,A
-97.567508846749732,34.830808076300436,123,2019S0926,34.830802,-97.56750099,Surface Water,S2,N2,SE,12,04N,04WI,L,1,Garvin,,64,"Oil, Gas & Mining",Drilling oil and gas wells,Marathon Oil Company,2019-10-04T00:00:00.000Z,2020-01-02T00:00:00.000Z,O,Pump,4200,Washita River,Stream,,Seth BIA 0304 1-4-33WXH & Jewell BIA 0304 1-4-33SXH,,1082,,,A
-97.732468551223747,35.022441650379548,124,2019S0785,35.02243555,-97.73246064,Surface Water,,S2,NW,04,06N,05WI,L,1,Grady,,3,"Oil, Gas & Mining",Drilling oil and gas wells,Marathon Oil Company,2019-08-23T00:00:00.000Z,2019-11-21T00:00:00.000Z,O,Pump,126,Bluefin Pond,Pond,,"Walter Victor 0605 2-4-9WXH, Walter Victor 0605 3-4-9WXH, Walter Victor 0605 4-4-9WXH and Ethel Mae 0605 1-4-9MXH",,1082,,,A
-98.556519339540216,35.906039199820441,125,2019S0787,35.90603298,-98.55651115,Surface Water,,,N2,35,17N,13WI,L,1,Blaine,,120,"Oil, Gas & Mining",Drilling oil and gas wells,"Soar Energy Solutions, LLC",2019-08-19T00:00:00.000Z,2019-11-17T00:00:00.000Z,W,Pump,2100,North Canadian River,Stream,,Smoot Wells,,2052,,,A
-98.145448112239322,35.891714270484243,126,2019S0974,35.89170803,-98.14544003,Surface Water,,,SW,03,16N,09WI,L,1,Kingfisher,,20,"Oil, Gas & Mining",Drilling oil and gas wells,NewField Exploration,2019-10-28T00:00:00.000Z,2020-01-26T00:00:00.000Z,O,Pump,120,Montie Stewart Pond,Pond,,"Biehler  1709 5H-29X, Biehler  1709 6H-29X, Biehler  1709 7H-29X FRAC - Montie Stewart to Doc Stock Staging",,2092,,,A
-97.390447267875047,34.264531172469447,127,2019S0798,34.26452519,-97.3904395,Surface Water,SW,NE,SE,27,03S,02WI,L,0,Carter,,5,"Oil, Gas & Mining",Drilling oil and gas wells,Ardmore Production and Exploration,2019-08-23T00:00:00.000Z,2019-11-21T00:00:00.000Z,L,Pump,1,Private,Pond,,Hollingsworth R1,,1100,,,
-98.307918243936484,35.934935219776278,128,2019S0953,35.93492898,-98.30791012,Surface Water,,,SW,19,17N,10WI,L,1,Blaine,,79,"Oil, Gas & Mining",Drilling oil and gas wells,Newfield Exploration,2019-10-22T00:00:00.000Z,2020-01-20T00:00:00.000Z,W,Pump,450,"Thad Schenk, Eric Cowan Pond",Pond,,"Channel 1709 5H, 6H & 7H-30X Frac - Thad Schenk, Eric Cowan Pond",,2092,,,A
-98.685185980618783,35.500751214109194,129,2019S0814,35.50074507,-98.68517779,Surface Water,,NE,NE,21,12N,14WI,L,1,Custer,,2,"Oil, Gas & Mining",Drilling oil and gas wells,Select Energy Services,2019-09-02T00:00:00.000Z,2019-12-01T00:00:00.000Z,W,Pump,2100,Hunnicutt Pond,Pond,,Continental-Hunnicutt,,2063,,,A
-97.221640371189494,33.947644454819873,130,2019S0941,33.94763852,-97.22163267,Surface Water,,,,17,07S,01EI,L,1,Love,,3,"Oil, Gas & Mining",Drilling oil and gas wells,"XTO Energy, Inc.",2019-10-16T00:00:00.000Z,2020-01-14T00:00:00.000Z,L,Pump,120,Private,Pond,,McCarty 3-17H20X29,,1090,,,A
-99.788669001982981,36.032497674447157,131,2019G0190,36.0324915,-99.7886605,Groundwater,SE,NW,SW,17,18N,24WI,L,1,Ellis,,18,"Oil, Gas & Mining",Drilling oil and gas wells,Canadian Water Well Rental,2019-10-29T00:00:00.000Z,2020-01-27T00:00:00.000Z,W,Pump,500,,,,Warchime,,,121OGLL,,
-97.867833067963403,35.019618947346103,132,2019S0790,35.01961285,-97.86782512,Surface Water,SW,NE,SE,06,06N,06WI,L,1,Grady,,80,"Oil, Gas & Mining",Drilling oil and gas wells,Aquahawk Energy LLC,2019-08-19T00:00:00.000Z,2019-11-17T00:00:00.000Z,O,Pump,2100,Wahita River,Stream,,Phelps Pit,,1082,,,A
-97.807268123456325,35.660174124941605,133,2019S0867,35.66016791,-97.80726015,Surface Water,,NW,NE,26,14N,06WI,L,1,Canadian,,80,"Oil, Gas & Mining",Drilling oil and gas wells,Newfield Exploration,2019-09-17T00:00:00.000Z,2019-12-16T00:00:00.000Z,O,Pump,450,Raymond Wittrock Pond  ,Pond,,"Slash C 1406 2H, 3H, and 4H-17X, Frac - Raymond Wittrock Pond to Location",,2092,,,A
-98.505680012747476,35.037449545601653,134,2019S0791,35.03744348,-98.50567191,Surface Water,SW,SW,NE,31,07N,12WI,L,1,Caddo,,20,"Oil, Gas & Mining",Drilling oil and gas wells,King Energy LLC,2019-08-24T00:00:00.000Z,2019-11-22T00:00:00.000Z,L,Pump,3520,pond ,Pond,,Baker 5-8 #1 WH,,1083,,,A
-98.539155835668083,36.270679816796964,135,2019S0906,36.27067354,-98.53914762,Surface Water,NE,SW,NE,25,21N,13WI,L,1,Major,,3,"Oil, Gas & Mining",Drilling oil and gas wells,Brickman Fastline Inc.,2019-09-28T00:00:00.000Z,2019-12-27T00:00:00.000Z,W,Pump,130,Burrell Pond,Pond,,Burrell,,2092,,,A
-98.30469502174131,35.804937203741787,136,2019S0936,35.80493099,-98.30468691,Surface Water,,SE,SE,06,15N,10WI,L,1,Blaine,,32,"Oil, Gas & Mining",Drilling oil and gas wells,"Devon Energy Production Company, LP",2019-10-13T00:00:00.000Z,2020-01-11T00:00:00.000Z,W,Pump,1200,Private,Pond,,"Fleenor 5_8_17-15N-10W 3HXX, 4HXX, 5HXX",,2092,,,A
-97.898867656326431,35.963867864784831,137,2019S0921,35.9638616,-97.89885963,Surface Water,,NW,SW,12,17N,07WI,L,1,Kingfisher,,4,"Oil, Gas & Mining",Drilling oil and gas wells,Chesapeake Operating LLC,2019-10-21T00:00:00.000Z,2020-01-19T00:00:00.000Z,O,Pump,4200,Muggenborg Pond,Pond,,Themer 6-17-6 1H,,2092,,,A
-98.047324608334961,36.529559853744566,138,2019G0187,36.5295535,-98.0473165,Groundwater,SE,SW,NW,27,24N,08WI,L,1,Garfield,,90,Irrigation,,Lew Meibergen,2019-10-23T00:00:00.000Z,2020-01-21T00:00:00.000Z,W,Pump,75,,,200,,,,318BSON,,A
-98.4472100324775,35.833109212149793,139,2019S0813,35.833103,-98.44720188,Surface Water,NE,NE,SW,26,16N,12WI,L,1,Blaine,,25.5,"Oil, Gas & Mining",Drilling oil and gas wells,"Complete Energy Services, Inc.",2019-08-30T00:00:00.000Z,2019-11-28T00:00:00.000Z,W,Pump,3360,North Canadian River,Stream,,Watonga 1-19H,,2052,,,A
-97.949318992169552,35.389020661696648,140,2019S0854,35.3890145,-97.949311,Surface Water,SW,NE,NW,33,11N,07WI,L,1,Canadian,,2,"Oil, Gas & Mining",Drilling oil and gas wells,Brickman Fastline Inc.,2019-09-17T00:00:00.000Z,2019-12-16T00:00:00.000Z,O,Pump,130,Dawson Pond,Pond,,Whirlaway,,2062,,,A
-96.887103243681764,35.136993709264885,141,2019S0893,35.13698754,-96.88709554,Surface Water,NW,NW,SE,28,08N,04EI,L,0,Pottawatomie,,4,"Oil, Gas & Mining",Crude petroleum and natural gas production,Paul Gillham Oil Co,2019-09-20T00:00:00.000Z,2019-12-19T00:00:00.000Z,O,Pump,2000,farm pond,Pond,,Joe Smith Trust #2,,2080,,,
-97.84297067437862,35.660268217136277,142,2019S0874,35.660262,-97.84296269,Surface Water,,,NW,28,14N,06WI,L,1,Canadian,,40,"Oil, Gas & Mining",Drilling oil and gas wells,Newfield,2019-09-17T00:00:00.000Z,2019-12-16T00:00:00.000Z,O,Pump,2500,Loosen,Pond,,"Slash C 1406 2H, 3H & 4H-17X FRAC",,2092,,,A
-97.221734720052069,33.962160991548103,143,2019S0878,33.96215505,-97.22172701,Surface Water,,,S2,08,07S,01EI,L,1,Love,,3,"Oil, Gas & Mining",Drilling oil and gas wells,"XTO Energy, Inc.",2019-09-24T00:00:00.000Z,2019-12-23T00:00:00.000Z,L,Pump,120,Unknown,Pond,,"McCarty 4, 5-8H17X20X29",,1090,,,A
-99.045753882554749,36.157759835678327,144,2019G0176,36.1577536,-99.04574555,Groundwater,NE,NE,NE,06,19N,17WI,L,1,Dewey,,0.1,Industrial,Highway and street construction,"Tapstone Energy, LLC",2019-09-20T00:00:00.000Z,2019-12-19T00:00:00.000Z,W,Pump,30,,,,,,,313RSPG,,
-97.802980935886396,35.819227006660043,145,2019G0170,35.81922076,-97.80297295,Groundwater,N2,N2,SE,35,16N,06WI,L,3,Kingfisher,,50,"Recreation, Fish & Wildlife",Fish hatcheries / preserves,Estack LLC,2019-09-09T00:00:00.000Z,2019-12-08T00:00:00.000Z,O,Pump,500,,,,,20110547,,318SLPL,,
-98.414470804323415,35.949141106754006,146,2019S0735,35.94913487,-98.41446265,Surface Water,,,SW,18,17N,11WI,L,1,Blaine,,2,"Oil, Gas & Mining",Crude petroleum and natural gas production,Brickman Fast Line,2019-08-08T00:00:00.000Z,2019-11-06T00:00:00.000Z,W,Pump,100,Bitter Creek,Creek,,Truett  Hurst #1-19H (Acacia Expl.),,2092,,,A
-97.702488698146055,34.957843175704355,147,2019S0840,34.95783708,-97.7024808,Surface Water,SE,SW,SW,26,06N,05WI,L,0,Grady,,45,"Oil, Gas & Mining",Drilling oil and gas wells,Warwick-Jupiter,2019-09-10T00:00:00.000Z,2019-12-09T00:00:00.000Z,O,Pump,500,Privatae,Pond,,Yellos Sub,,1082,,,
-98.183484757615801,35.934934422254727,148,2019S0970,35.93492818,-98.18347666,Surface Water,,,SW,20,17N,09WI,L,1,Kingfisher,,26,"Oil, Gas & Mining",Drilling oil and gas wells,Newfield,2019-10-28T00:00:00.000Z,2020-01-26T00:00:00.000Z,O,Pump,120,J R Barton Staging Pond,Pond,,Biehler 1709 2H & 3H-29X FRAC,,2092,,,A
-97.448523853074079,34.398011546164433,149,2019G0182,34.39800554,-97.44851606,Groundwater,,,NW,07,02S,02WI,L,1,Carter,,8,"Oil, Gas & Mining",Drilling oil and gas wells,Mack Energy Co.,2019-10-14T00:00:00.000Z,2020-01-12T00:00:00.000Z,L,Pump,60,,,,"SW WJDU, Pierce Unit, WJPU",,,318GSWF,,A
-97.980074486079189,35.193813375961071,150,2019S0818,35.19380725,-97.9800665,Surface Water,SE,NE,SW,06,08N,07WI,L,1,Grady,,65,"Oil, Gas & Mining",Drilling oil and gas wells,Recoil Oilfield Services LLC,2019-09-03T00:00:00.000Z,2019-12-02T00:00:00.000Z,O,Pump,2730,Richardson pond,Pond,,Richardson,,1082,,,A
-98.251495632310153,35.819325493881706,151,2019S0899,35.81931928,-98.25148753,Surface Water,NE,,,34,16N,10WI,L,1,Blaine,,70,"Oil, Gas & Mining",Drilling oil and gas wells,Devon Energy Production Company,2019-09-25T00:00:00.000Z,2019-12-24T00:00:00.000Z,W,Pump,110,Private,Pond,,"Fleenor 5_8-17-15N-10W 3HXX,4HXX,5HXX",,2092,,,A
-98.906917299895042,35.805348786412516,152,2019S0960,35.8053426,-98.90690903,Surface Water,,,NE,04,15N,16WI,L,1,Custer,,3,"Oil, Gas & Mining",Drilling oil and gas wells,"XTO Energy, Inc.",2019-10-31T00:00:00.000Z,2020-01-29T00:00:00.000Z,W,Pump,120,Private,Pond,,Jones 1-10H3X34,,2063,,,A
-97.878826148761959,35.718617414876284,153,2019S0882,35.71861119,-97.87881815,Surface Water,,,SW,06,14N,06WI,L,1,Canadian,,64,"Oil, Gas & Mining",Drilling oil and gas wells,NewField Exploration,2019-09-17T00:00:00.000Z,2019-12-16T00:00:00.000Z,O,Pump,120,Kevin Wittrock Pond,Pond,,"WM Wallace 1406 2H, 3H & 4H-18X  - Kevin Wittrock  to Staging Pond",,2092,,,A
-96.078966375763557,35.116894287915322,154,2019S0780,35.11688808,-96.07895888,Surface Water,SW,SW,SE,31,08N,12EI,L,1,Hughes,,129,"Oil, Gas & Mining",Drilling oil and gas wells,Trinity Operating,2019-08-16T00:00:00.000Z,2019-11-14T00:00:00.000Z,M,Pump,300,Private,Pond,,Gobbler Pad,,2030,,,A
-95.161768123327704,35.626850890389839,155,2019S0849,35.62684455,-95.16176083,Surface Water,NW,SW,SW,02,13N,20EI,L,0,Muskogee,,6,Public Water Supply,Municipal water supply systems,OK Tourism and Recreation Dept,2019-09-11T00:00:00.000Z,2019-12-10T00:00:00.000Z,T,Pump,25,Greenleaf Lake,Lake,,,20190043,2020,,,
-97.741845337692538,35.671958755263368,156,2019S0827,35.67195254,-97.74183738,Surface Water,SE,NW,SW,21,14N,05WI,L,1,Canadian,,4,"Oil, Gas & Mining",Drilling oil and gas wells,Brickman Fastline Inc.,2019-09-09T00:00:00.000Z,2019-12-08T00:00:00.000Z,O,Pump,130,Bromlow Pond,Pond,,Bromlow,,2092,,,A
-97.570811307266609,34.830822766748021,157,2019S0809,34.83081669,-97.57080345,Surface Water,SE,N2,S2,12,04N,04WI,L,1,Garvin,,64,"Oil, Gas & Mining",Drilling oil and gas wells,Marathon Oil Company,2019-08-27T00:00:00.000Z,2019-11-25T00:00:00.000Z,O,Pump,4200,Washita River,Stream,,Bowser 0304 3-8-5SXH & Starfox 0304 1-7-6SXH,,1082,,,A
-96.413279351133482,33.933307444770165,158,2019G0180,33.93330147,-96.41327185,Groundwater,SE,SW,NE,24,07S,08EI,L,0,Bryan,,640,Irrigation,,RWC Rev Trust,2019-09-27T00:00:00.000Z,2019-12-26T00:00:00.000Z,M,Pump,200,,,320,,,,212WDBN,,
-97.82505398199865,35.689251587761184,159,2019S0871,35.68924537,-97.825046,Surface Water,,,SE,15,14N,06WI,L,1,Canadian,,52,"Oil, Gas & Mining",Drilling oil and gas wells,Newfield,2019-09-17T00:00:00.000Z,2019-12-16T00:00:00.000Z,O,Pump,2500,Hocker Pond,Pond,,"Slash C 1406 2H, 3H & 4H-17X FRAC",,2092,,,A
-97.644254958044698,34.964321846738102,160,2019S0851,34.96431575,-97.64424707,Surface Water,,NE,SE,29,06N,04WI,L,1,McClain,,2,"Oil, Gas & Mining",Drilling oil and gas wells,Select Energy Services,2019-09-17T00:00:00.000Z,2019-12-16T00:00:00.000Z,O,Pump,2100,England Pond,Pond,,Casillas-Guiness,,1082,,,A
-98.354034154247955,36.149460272317796,229,2019G0171,36.149454,-98.354026,Groundwater,SE,NE,SE,03,19N,11WI,L,1,Blaine,,22,"Oil, Gas & Mining",Drilling oil and gas wells,"Husky Ventures, Inc.",2019-09-09T00:00:00.000Z,2019-12-08T00:00:00.000Z,W,Pump,1000,,,,Capt. America 1-1H,,,313ELRN,,A
-97.972583474187161,35.297087030467715,230,2019S0844,35.29708089,-97.97257548,Surface Water,NE,NE,SE,31,10N,07WI,L,0,Grady,,50,"Oil, Gas & Mining",Drilling oil and gas wells,H2Services,2019-09-11T00:00:00.000Z,2019-12-10T00:00:00.000Z,O,Pump,1000,Creek,Creek,,Birchfield,,2062,,,
-98.85480250554572,36.703518872328353,231,2019S0752,36.70351254,-98.85479418,Surface Water,,SW,NE,30,26N,15WI,L,1,Woods,,3,"Oil, Gas & Mining",Crude petroleum and natural gas production,Select Energy Services,2019-08-19T00:00:00.000Z,2019-11-17T00:00:00.000Z,W,Pump,2100,Maul Pond,Pond,,Mach-Harrisson,,2092,,,A
-96.85353425304838,35.881118803928814,232,2019S0945,35.8811125,-96.8535265,Surface Water,SW,NE,NW,11,16N,04EI,L,0,Lincoln,,1,"Oil, Gas & Mining",Drilling oil and gas wells,Spess Oil Company,2019-10-16T00:00:00.000Z,2020-01-14T00:00:00.000Z,O,Pump,30,Private,Pond,,George 1-11,,2070,,,
-96.01098072213739,36.720621950378103,233,2019S0929,36.72061546,-96.01097312,Surface Water,SW,NE,NE,21,26N,12EI,L,0,Osage,,67,Industrial,Construction sand and gravel,Osage Landfill,2019-10-21T00:00:00.000Z,2020-01-19T00:00:00.000Z,T,Pump,500,Sand Creek,Creek,,Dust Supression,,2140,,,
-97.571159596195912,34.456049983299614,234,2019S0948,34.45604397,-97.57115177,Surface Water,,NW,NE,24,01S,04WI,L,1,Stephens,,33,"Oil, Gas & Mining",Drilling oil and gas wells,Citation Oil & Gas Corp.,2019-10-17T00:00:00.000Z,2020-01-15T00:00:00.000Z,L,Pump,4620,BRISCO POND,Pond,,COUNTYLINE UNIT,,1081,,,A
-96.052633762435633,35.100570530313526,235,2019S0779,35.10056433,-96.05262627,Surface Water,NW,NW,NW,09,07N,12EI,L,1,Hughes,,194,"Oil, Gas & Mining",Drilling oil and gas wells,Trinity Operating,2019-08-16T00:00:00.000Z,2019-11-14T00:00:00.000Z,M,Pump,300,Canadian River,Stream,,Mitzi Pad and Gobbler Pad ,,2030,,,A
-98.003681582081299,35.819914845279428,236,2019S0922,35.81990861,-98.00367354,Surface Water,,,SW,36,16N,08WI,L,1,Kingfisher,,10,"Oil, Gas & Mining",Drilling oil and gas wells,Newfield Exploration,2019-10-07T00:00:00.000Z,2020-01-05T00:00:00.000Z,O,Pump,80, William McCully pond,Pond,,"Franklin FIU 1508 2H,3H,4H-1X and Franklin 1508 5H,6H,7H-1X",,2092,,,A
-98.148445947515498,36.137485450242224,237,2019S0763,36.13747917,-98.14843785,Surface Water,,,NW,10,19N,09WI,L,0,Kingfisher,,3,"Oil, Gas & Mining",Drilling oil and gas wells,"Chisholm Oil and Gas Operating, LLC",2019-08-13T00:00:00.000Z,2019-11-11T00:00:00.000Z,O,Pump,2000,Cimarron River ,Creek,,Ahumado 19-09-03 1MH,,2092,,,A
-98.446102761589373,35.746975023426245,238,2019S0806,35.74696883,-98.44609462,Surface Water,,,NE,26,15N,12WI,L,1,Blaine,,4,"Oil, Gas & Mining",Drilling oil and gas wells,"Continental Resources, Inc.",2019-09-05T00:00:00.000Z,2019-12-04T00:00:00.000Z,W,Pump,100,Cowan Pond ,Pond,,"Holstein 3, 4,5",,2052,,,A
-97.84519290992796,36.065695415309754,239,2019S0792,36.06568913,-97.84518489,Surface Water,,,NW,04,18N,06WI,L,1,Kingfisher,,3,"Oil, Gas & Mining",Drilling oil and gas wells,Chisholm Oil and Gas Operating,2019-08-20T00:00:00.000Z,2019-11-18T00:00:00.000Z,O,Pump,2000,Hill Pond,Pond,,Gus 18-06-04 1MH,,2092,,,A
-98.201217689283453,35.920413785889089,240,2019S0971,35.92040755,-98.20120959,Surface Water,,,NW,30,17N,09WI,L,1,Kingfisher,,15,"Oil, Gas & Mining",Drilling oil and gas wells,Newfield,2019-10-28T00:00:00.000Z,2020-01-26T00:00:00.000Z,O,Pump,120,Sandy Stark Pond,Pond,,"Channel 1709 2H, 3H & 4H-30X & Channel 1709 5H, 6H & 7H-30X FRAC",,2092,,,A
-97.878802147718858,35.674934215350383,241,2019S0879,35.674928,-97.87879415,Surface Water,,,SE,19,14N,06WI,L,1,Canadian,,26,"Oil, Gas & Mining",Drilling oil and gas wells,Newfield,2019-09-20T00:00:00.000Z,2019-12-19T00:00:00.000Z,O,Pump,2500,"WM Wallace 1406 2H, 3H & 4H-18X FRAC",Pond,,"WM Wallace 2H, 3H & 4H-18X FRAC",,2092,,,A
-96.407216882446946,36.205387127593056,242,2019S0794,36.20538075,-96.40720922,Surface Water,NE,SW,SW,13,20N,08EI,L,0,Pawnee,,1,"Oil, Gas & Mining",Drilling oil and gas wells,Spess Oil Company,2019-08-22T00:00:00.000Z,2019-11-20T00:00:00.000Z,T,Pump,30,Private,Pond,,Simmons 1-13,,2110,,,
-96.666605109968472,34.593903492499038,243,2019S0957,34.59389741,-96.6665975,Surface Water,SE,SW,SW,34,02N,06EI,L,0,Pontotoc,,2750,Public Water Supply,Municipal water supply systems,City of Ada,2019-11-01T00:00:00.000Z,2020-01-30T00:00:00.000Z,M,Pump,8000,Byrds Mill Strm,Stream,,PWS,19590157,1042,,,
-97.732398350923788,35.09498458550911,244,2019S0822,35.09497847,-97.73239043,Surface Water,,,NE,09,07N,05WI,L,0,Grady,,2,"Oil, Gas & Mining",Drilling oil and gas wells,Newfield Exploration,2019-09-01T00:00:00.000Z,2019-11-30T00:00:00.000Z,O,Pump,90,Greg Ogle Pond,Pond,,Ricks 7-5-4-1H,,1082,,,A
-99.945336052668154,36.181123691309011,245,2019G0172,36.1811175,-99.9453275,Groundwater,SE,SE,NW,26,20N,26WI,L,1,Ellis,,1,"Oil, Gas & Mining",Drilling oil and gas wells,Four Point Energy,2019-09-12T00:00:00.000Z,2019-12-11T00:00:00.000Z,W,Pump,920,,,,Rock Creek 36X25-20-26 2HB&IHA,,,121OGLL,,
-97.985933884523561,35.776602755350623,246,2019S0920,35.77659653,-97.98592585,Surface Water,,,NW,18,15N,07WI,L,1,Kingfisher,,10,"Oil, Gas & Mining",Drilling oil and gas wells,Newfield Exploration,2019-10-07T00:00:00.000Z,2020-01-05T00:00:00.000Z,O,Pump,90, Billy Petty Pond,Pond,,"Petty FIU 1507 2H, 3H, 4H and Petty FIU 5H,6H,7H-6X",,2092,,,A
-98.227004192254086,36.087980596209796,247,2019S0819,36.08797433,-98.22699607,Surface Water,SW,SW,SW,25,19N,10WI,L,1,Blaine,,30,"Oil, Gas & Mining",Drilling oil and gas wells,"Husky Ventures, Inc.",2019-09-05T00:00:00.000Z,2019-12-04T00:00:00.000Z,W,Pump,1000,Spring Creek,Stream,,Big Red 1-25H,,2092,,,A
-95.405785828100221,35.197413094032278,248,2019S0892,35.19740684,-95.4057785,Surface Water,SW,SE,NE,04,08N,18EI,L,1,Haskell,,6,"Oil, Gas & Mining",Drilling oil and gas wells,Trinity Operating,2019-09-20T00:00:00.000Z,2019-12-19T00:00:00.000Z,M,Pump,3800,Private,Pond,,Alamo East North,,2030,,,A
-97.934569449860462,35.993506110295179,249,2019S0911,35.99349985,-97.93456141,Surface Water,,,NW,34,18N,07WI,L,1,Kingfisher,,3,"Oil, Gas & Mining",Drilling oil and gas wells,Chisholm Oil and Gas Operating,2019-10-01T00:00:00.000Z,2019-12-30T00:00:00.000Z,O,Pump,2000,Turkey Creek,Creek,,B. CHUBB 17-07-03 1MH,,2092,,,A
-96.098703160575084,35.136860832348049,250,2019S0913,35.13685463,-96.09869566,Surface Water,NE,NE,SW,25,08N,11EI,L,1,Hughes,,80,"Oil, Gas & Mining",Drilling oil and gas wells,Bravo Arkoma LLC,2019-10-07T00:00:00.000Z,2020-01-05T00:00:00.000Z,M,Pump,3360,Kukendall Pond,Pond,,"Brown 1-26/23/14H, Brown 2-26/23/14H",,2030,,,A
-97.634209985588882,34.691270768929321,251,2019S0748,34.69126472,-97.63420212,Surface Water,NE,SE,NE,32,03N,04WI,L,1,Garvin,,80,"Oil, Gas & Mining",Drilling oil and gas wells,Aquahawk Energy LLC,2019-08-09T00:00:00.000Z,2019-11-07T00:00:00.000Z,O,Pump,1500,Rush Creek,Creek,,Lindsay Project,,1081,,,A
-98.162907721694936,35.84838645649657,252,2019S0756,35.84838023,-98.16289964,Surface Water,NE,,,21,16N,09WI,L,1,Kingfisher,,155,"Oil, Gas & Mining",Drilling oil and gas wells,Devon Energy Production Co,2019-08-12T00:00:00.000Z,2019-11-10T00:00:00.000Z,O,Pump,110,Private,Pond,,"Chisholm Trail 18_19-16N-9W 5HX-7HX, Privott 2HX",,2092,,,A
-97.687446179930333,35.259069420205918,253,2019S0764,35.25906327,-97.68743826,Surface Water,SW,NW,NW,13,09N,05WI,L,1,Grady,,4,"Oil, Gas & Mining",Drilling oil and gas wells,Recoil Oilfield Services LLC,2019-08-19T00:00:00.000Z,2019-11-17T00:00:00.000Z,O,Pump,90,Hill Pond,Pond,,Livingston 0112 2H 3H 4H 9H,,2062,,,A
-98.799663229054772,35.690048074219376,254,2019S0942,35.69004191,-98.799655,Surface Water,SW,SW,NE,16,14N,15WI,L,1,Custer,,70,"Oil, Gas & Mining",Drilling oil and gas wells,"Citizen Energy II, L.L.C",2019-10-16T00:00:00.000Z,2020-01-14T00:00:00.000Z,W,Pump,2000,Deer Creek,Creek,,Lancet 1H-17-8 & Lancet 2H-17-20,,2063,,,A
-98.165897802901441,35.9927393521711,255,2019S0973,35.9927331,-98.16588971,Surface Water,,,,33,18N,09WI,L,1,Kingfisher,,51.6,"Oil, Gas & Mining",Drilling oil and gas wells,NewField Exploration,2019-10-28T00:00:00.000Z,2020-01-26T00:00:00.000Z,O,Pump,120,Vilhauer Pond,Pond,,Channel 1709 2-7H-30X Vilhauer to Staging Pond,,2092,,,A
-98.162982949020162,35.602040629704625,256,2019S0903,35.60203444,-98.16297489,Surface Water,,,NE,16,13N,09WI,L,1,Canadian,,26,Industrial,Water and sewer pipeline construction,Navigator SMS Pipeline LLC,2019-09-27T00:00:00.000Z,2019-12-26T00:00:00.000Z,O,Pump,300,Laughlin Lake ,Lake,,Navigator Calumet Station ,,2052,,,A
-97.503309732756676,34.862523114859883,257,2019S0774,34.86251703,-97.50330189,Surface Water,,SE,SE,34,05N,03WI,L,1,McClain,,1,"Oil, Gas & Mining",Drilling oil and gas wells,Select Energy Services,2019-08-21T00:00:00.000Z,2019-11-19T00:00:00.000Z,O,Pump,2100,Criner Creek,Creek,,Daylight-Miller,,1082,,,A
-97.785166204666893,34.964131143852825,258,2019S0750,34.96412505,-97.78515829,Surface Water,,,SE,25,06N,06WI,L,1,Grady,,4,"Oil, Gas & Mining",Crude petroleum and natural gas production,"Continental Resources, Inc.",2019-08-09T00:00:00.000Z,2019-11-07T00:00:00.000Z,O,Pump,100,Williams Creek ,Creek,,Umbach 2-21-28-33XHW,,1082,,,A
-98.218978062315784,35.94945492454616,259,2019S0759,35.94944868,-98.21896996,Surface Water,,,SE,13,17N,10WI,L,1,Blaine,,4,"Oil, Gas & Mining",Drilling oil and gas wells,Newfield,2019-08-13T00:00:00.000Z,2019-11-11T00:00:00.000Z,W,Pump,80,Sandy Stark Pond,Pond,,"Channel 1709 2H, 3H & 4H-30X",,2092,,,A
-95.526894982399526,35.179237210920448,260,2019S0886,35.17923097,-95.52688762,Surface Water,SE,NE,SE,08,08N,17EI,L,1,Pittsburg,,129,"Oil, Gas & Mining",Drilling oil and gas wells,Trinity Operating,2019-09-18T00:00:00.000Z,2019-12-17T00:00:00.000Z,M,Pump,3800,Lake Eufaula,Federal,,Maverick Pad,,2030,,,A
-97.781524661679228,35.704775694422018,261,2019S0811,35.70476947,-97.78151669,Surface Water,SE,SE,NE,12,14N,06WI,L,0,Canadian,,50,"Oil, Gas & Mining",Drilling oil and gas wells,H2Services,2019-08-28T00:00:00.000Z,2019-11-26T00:00:00.000Z,O,Pump,1000,Lake,Lake,,Redbluff Brueggen,,2092,,,
-97.679334251286107,34.993213096557575,262,2019S0823,34.99320699,-97.67932636,Surface Water,,,SE,13,06N,05WI,L,1,Grady,,4,"Oil, Gas & Mining",Drilling oil and gas wells,"Continental Resources, Inc.",2019-09-10T00:00:00.000Z,2019-12-09T00:00:00.000Z,O,Pump,100,Palmer Pond ,Pond,,Cooley 3-25-24XHW,,1082,,,A
-99.952041403699241,36.182930898425994,263,2019G0172,36.18292471,-99.95203285,Groundwater,NW,SW,NW,26,20N,26WI,L,1,Ellis,,1,"Oil, Gas & Mining",Drilling oil and gas wells,Four Point Energy,2019-09-12T00:00:00.000Z,2019-12-11T00:00:00.000Z,W,Pump,920,,,,Rock Creek 36X25-20-26 2HB&IHA,,,121OGLL,,
-97.100039841206012,33.918512233493779,264,2019S0758,33.9185063,-97.10003217,Surface Water,,NW,W2,28,07S,02EI,L,1,Love,,3,"Oil, Gas & Mining",Drilling oil and gas wells,"XTO Energy, Inc.",2019-08-17T00:00:00.000Z,2019-11-15T00:00:00.000Z,L,Pump,120,Private,Pond,,Miller 1-28H20X17X8,,1090,,,A
-97.589357953341406,34.732003544939076,265,2019S0836,34.73199748,-97.5893501,Surface Water,,,NE,14,03N,04WI,L,1,Garvin,,3,"Oil, Gas & Mining",Drilling oil and gas wells,Marathon Oil Company,2019-09-13T00:00:00.000Z,2019-12-12T00:00:00.000Z,O,Pump,126,Dutton Pond,Pond,,Jurgens 0304 2-11-2MXH and Ralph 0304 4-11-2WXH,,1081,,,A
-97.424175866227387,35.955583628057433,266,2019S0935,35.95557734,-97.42416796,Surface Water,NW,NW,NW,16,17N,02WI,L,0,Logan,,50,"Oil, Gas & Mining",Drilling oil and gas wells,H2Services,2019-10-10T00:00:00.000Z,2020-01-08T00:00:00.000Z,O,Pump,1000,Private,Pond,,Redbluff Plagg,,2092,,,
-98.290304080922866,35.964064945561169,267,2019S0967,35.9640587,-98.29029596,Surface Water,,,NE,08,17N,10WI,L,1,Blaine,,26,"Oil, Gas & Mining",Drilling oil and gas wells,Newfield Exploration,2019-10-28T00:00:00.000Z,2020-01-26T00:00:00.000Z,W,Pump,450,Hitchcock Facility,Pond,,"Channel 1709 2H, 3H & 4H-30X Frac - Hitchcock Facility",,2092,,,A
-98.163101852680271,35.8773787252928,268,2019S0980,35.87737249,-98.16309377,Surface Water,,,SE,09,16N,09WI,L,1,Kingfisher,,32,"Oil, Gas & Mining",Drilling oil and gas wells,"Devon Energy Production Company, LP",2019-11-04T00:00:00.000Z,2020-02-02T00:00:00.000Z,O,Pump,120,Private,Pond,,"Privott 17_20-16N-9W 5HX, 6HX",,2092,,,A
-97.589464641052572,34.761166331266764,175,2019S0839,34.76116027,-97.58945679,Surface Water,,,NW,02,03N,04WI,L,0,Garvin,,4,"Oil, Gas & Mining",Drilling oil and gas wells,Marathon Oil Company,2019-09-10T00:00:00.000Z,2019-12-09T00:00:00.000Z,O,Pump,126,Pond,Pond,,"Kathy A 0304 1-11-2MXH, Ralph 0304 2-11-2WXH, Ralph 0304 3-11-2WXH",,1082,,,A
-98.16581022364187,35.978350191312771,176,2019S0979,35.97834394,-98.16580213,Surface Water,,,SE,04,17N,09WI,L,1,Kingfisher,,52,"Oil, Gas & Mining",Drilling oil and gas wells,Newfield,2019-10-29T00:00:00.000Z,2020-01-27T00:00:00.000Z,O,Pump,440,Meyer Pond,Pond,,"Channel 1709 2H-30X, 3H-30X, 4H-30X Frac",,2092,,,A
-98.041511826582436,36.022000451197712,177,2019S0958,36.02199419,-98.04150376,Surface Water,,,S2,22,18N,08WI,L,1,Kingfisher,,3,"Oil, Gas & Mining",Crude petroleum and natural gas production,"Chisholm Oil and Gas Operating, LLC",2019-10-24T00:00:00.000Z,2020-01-22T00:00:00.000Z,O,Pump,2000,Cimarron River ,Stream,,CLARA ALLEN 1808 26-35 1XMH,,2092,,,A
-97.574131328587498,35.312353677002335,178,2019G0186,35.31234751,-97.57412344,Groundwater,,NW,SE,25,10N,04WI,L,1,Cleveland,,0.5,"Oil, Gas & Mining",Drilling oil and gas wells,Gulf Exploration,2019-10-22T00:00:00.000Z,2020-01-20T00:00:00.000Z,O,Pump,60,,,,Conrado 1-25,,,318GSWF,,
-97.501730384832882,34.833619104258581,179,2019S0866,34.83361302,-97.50172255,Surface Water,,SW,SW,10,04N,03WI,L,1,Garvin,,2,"Oil, Gas & Mining",Drilling oil and gas wells,Select Energy Services,2019-10-01T00:00:00.000Z,2019-12-30T00:00:00.000Z,O,Pump,2100,Washita River,Stream,,Daylight-Lewis,,1082,,,A
-97.390447267875047,34.264531172469447,180,2019S0810,34.26452519,-97.3904395,Surface Water,SW,NE,SE,27,03S,02WI,L,0,Carter,,0.1,"Oil, Gas & Mining",Drilling oil and gas wells,Ardmore Production and Exploration,2019-08-28T00:00:00.000Z,2019-11-26T00:00:00.000Z,L,Pump,1,Private,Pond,,Leeman R1,,1100,,,
-98.783534283324485,36.413171794012733,181,2019S0754,36.4131655,-98.783526,Surface Water,SE,SE,NE,03,22N,15WI,L,1,Major,,40,"Oil, Gas & Mining",Crude petroleum and natural gas production,D&B Oilfield Services Inc,2019-08-09T00:00:00.000Z,2019-11-07T00:00:00.000Z,W,Pump,500,Griever Creek,Creek,,Fairway Hutchison 1-12H,,2092,,,A
-98.041532323081839,36.050920766520449,182,2019G0162,36.0509145,-98.04152426,Groundwater,,,S2,10,18N,08WI,L,1,Kingfisher,,3,"Oil, Gas & Mining",Drilling oil and gas wells,"Chisholm Oil and Gas Operating, LLC",2019-08-13T00:00:00.000Z,2019-11-11T00:00:00.000Z,O,Pump,2000,,,,BRISTOL 1808 15-1MH,,,313ELRN,,A
-98.183374430764545,35.905920663937465,183,2019S0968,35.90591443,-98.18336634,Surface Water,,,SW,32,17N,09WI,L,1,Kingfisher,,7,"Oil, Gas & Mining",Drilling oil and gas wells,Newfield,2019-10-28T00:00:00.000Z,2020-01-26T00:00:00.000Z,O,Pump,120,Maxwell/Harden Pond,Pond,,Biehler 1709 1H-29X Re-Charge,,2092,,,A
-99.689062671769136,36.176336211475729,184,2019G0183,36.17633001,-99.68905418,Groundwater,NW,SE,SE,30,20N,23WI,L,1,Ellis,,26,"Oil, Gas & Mining",Drilling oil and gas wells,Canadian Water Well Rental,2019-10-08T00:00:00.000Z,2020-01-06T00:00:00.000Z,W,Pump,700,,,,Bayless,,,121OGLL,,
-97.970738239732142,36.036915725105082,185,2019S0769,36.03690945,-97.97073019,Surface Water,,,E2,17,18N,07WI,L,1,Kingfisher,,3,"Oil, Gas & Mining",Drilling oil and gas wells,"Chisholm Oil and Gas Operating, LLC",2019-08-14T00:00:00.000Z,2019-11-12T00:00:00.000Z,O,Pump,2000,Hobbs Pond,Pond,,Andrews 1807 17-1MH,,2092,,,A
-98.269395642230378,35.761577966654713,186,2019S0923,35.76157176,-98.26938754,Surface Water,,,SW,21,15N,10WI,L,1,Blaine,,7,"Oil, Gas & Mining",Drilling oil and gas wells,Cimarex Energy Co,2019-10-07T00:00:00.000Z,2020-01-05T00:00:00.000Z,W,Pump,100,Bob Landreth - Pond,Pond,,Rocky 1-17H,,2092,,,A
-99.947574552395281,36.17768469096778,187,2019G0172,36.1776785,-99.947566,Groundwater,SW,NE,SW,26,20N,26WI,L,1,Ellis,,1,"Oil, Gas & Mining",Drilling oil and gas wells,Four Point Energy,2019-09-12T00:00:00.000Z,2019-12-11T00:00:00.000Z,W,Pump,920,,,,Rock Creek 36X25-20-26 2HB&IHA,,,121OGLL,,
-97.667563787779272,35.273700689229784,188,2019S0940,35.27369454,-97.66755588,Surface Water,SE,NW,NW,07,09N,04WI,L,1,McClain,,4,"Oil, Gas & Mining",Drilling oil and gas wells,"Bluefin Water Solutions, LLC",2019-10-21T00:00:00.000Z,2020-01-19T00:00:00.000Z,O,Pump,210,Ricky Thomas Pond,Pond,,EOG Nighthawk,,2062,,,A
-98.047324608334961,36.529559853744566,189,2019G0187,36.5295535,-98.0473165,Groundwater,SE,SW,NW,27,24N,08WI,L,1,Garfield,,90,Irrigation,,Lew Meibergen,2019-10-23T00:00:00.000Z,2020-01-21T00:00:00.000Z,W,Pump,75,,,200,,,,318BSON,,A
-96.990574759988817,35.854301276781328,190,2019S0933,35.85429499,-96.99056697,Surface Water,NW,NW,NE,21,16N,03EI,L,0,Lincoln,,25,"Oil, Gas & Mining",Drilling oil and gas wells,Roberson Oil Co,2019-10-10T00:00:00.000Z,2020-01-08T00:00:00.000Z,O,Pump,2500,Private,Pond,,Potter 1-12MH,,2091,,,
-97.571913740516962,34.833591145206277,191,2019S0939,34.83358507,-97.57190588,Surface Water,,,SE,12,04N,04WI,L,0,Garvin,,64,"Oil, Gas & Mining",Drilling oil and gas wells,Marathon Oil Company,2019-10-21T00:00:00.000Z,2020-01-19T00:00:00.000Z,O,Pump,4200,Washita River,Stream,,Campbell 0304 1-6WH & Collins 0404 1-31-30WXH Completion Water,,1082,,,A
-99.837794512062374,36.007655667812067,192,2019S0937,36.0076495,-99.837786,Surface Water,SE,SE,NW,26,18N,25WI,L,1,Ellis,,38,"Oil, Gas & Mining",Drilling oil and gas wells,Recoil Oilfield Services LLC,2019-10-11T00:00:00.000Z,2020-01-09T00:00:00.000Z,W,Pump,2730,Canadian,Stream,,Warchime,,2063,,,A
-98.592261729031591,35.964096404625892,193,2019S0768,35.96409018,-98.59225353,Surface Water,,,SW,09,17N,13WI,L,1,Blaine,,2,"Oil, Gas & Mining",Drilling oil and gas wells,Brickman Fast Line,2019-08-21T00:00:00.000Z,2019-11-19T00:00:00.000Z,W,Pump,100,Dwayne Sinclair Pond,Pond,,Moon Duck #4-6H (Acacia Expl.),,2052,,,A
-98.534584976817683,35.602293504470268,194,2019S0842,35.60228734,-98.53457682,Surface Water,,SE,SW,13,13N,13WI,L,0,Blaine,,51,"Oil, Gas & Mining",Drilling oil and gas wells,Select Energy Services,2019-09-13T00:00:00.000Z,2019-12-12T00:00:00.000Z,W,Pump,2100,South Canadian River,Stream,,Continental-Donnie FIU,,2063,,,A
-99.79292956394238,36.023366333477185,195,2019G0178,36.02336016,-99.79292106,Groundwater,NE,SE,NE,19,18N,24WI,L,1,Ellis,,2,"Oil, Gas & Mining",Drilling oil and gas wells,Canadian Water Well Rental,2019-09-24T00:00:00.000Z,2019-12-23T00:00:00.000Z,W,Pump,150,,,,Word,,,121OGLL,,
-97.802988992628954,35.821031673684907,196,2019G0170,35.82102543,-97.802981,Groundwater,S2,S2,NE,35,16N,06WI,L,4,Kingfisher,,50,"Recreation, Fish & Wildlife",Fish hatcheries / preserves,Estack LLC,2019-09-09T00:00:00.000Z,2019-12-08T00:00:00.000Z,O,Pump,500,,,,,20110547,,318SLPL,,
-95.394684336728972,35.357895783267985,197,2019S0771,35.3578895,-95.394677,Surface Water,NE,SW,NW,10,10N,18EI,L,1,McIntosh,,10,Industrial,Highway and street construction,Verdigris Valley Sod Farms,2019-08-15T00:00:00.000Z,2019-11-13T00:00:00.000Z,M,Pump,600,Eufaula,Lake,,,,2030,,,A
-97.679334251286107,34.993213096557575,198,2019S0789,34.99320699,-97.67932636,Surface Water,,,SE,13,06N,05WI,L,0,Grady,,4,"Oil, Gas & Mining",Dimensional Stone,"Continental Resources, Inc.",2019-08-19T00:00:00.000Z,2019-11-17T00:00:00.000Z,O,Pump,100,Palmer Pond ,Pond,,Cooley 5-24-25-36XHW,,1082,,,A
-97.732403950277316,35.548708700516315,199,2019S0853,35.5487025,-97.732396,Surface Water,SW,NW,NE,04,12N,05WI,L,0,Canadian,,50,"Oil, Gas & Mining",Drilling oil and gas wells,H2Services,2019-09-12T00:00:00.000Z,2019-12-11T00:00:00.000Z,O,Pump,1000,Private,Pond,,Redbluff Bolding,,2052,,,
-97.967943338407949,35.733179364714339,200,6016S0001,35.73317315,-97.96793531,Surface Water,NW,,,32,15N,07WI,L,1,Kingfisher,,3,"Oil, Gas & Mining",Drilling oil and gas wells,Devon Energy Production Co,6016-05-16T00:00:00.000Z,6016-08-14T00:00:00.000Z,O,Pump,100,Private,Pond,,Chicken Yard 32-15N-7W 1H,,2092,,,A
-98.290304080922866,35.964064945561169,201,2019S0967,35.9640587,-98.29029596,Surface Water,,N2,SE,08,17N,10WI,L,1,Blaine,,26,"Oil, Gas & Mining",Drilling oil and gas wells,Newfield Exploration,2019-10-28T00:00:00.000Z,2020-01-26T00:00:00.000Z,W,Pump,450,Hitchcock Facility,Pond,,"Channel 1709 2H, 3H & 4H-30X Frac - Hitchcock Facility",,2092,,,A
-97.807615459301019,35.410718672601512,202,2019S0841,35.4107125,-97.8076075,Surface Water,SW,NE,SW,23,11N,06WI,L,1,Canadian,,3,"Oil, Gas & Mining",Drilling oil and gas wells,Brickman Fastline Inc.,2019-08-23T00:00:00.000Z,2019-11-21T00:00:00.000Z,O,Pump,130,Wildcat Pond,Pond,,Tater,,2062,,,A
-97.433072906310784,35.953767786602882,203,2019S0918,35.9537615,-97.433065,Surface Water,SW,NW,NE,17,17N,02WI,L,1,Logan,,3,"Oil, Gas & Mining",Drilling oil and gas wells,Brickman Fastline Inc.,2019-10-05T00:00:00.000Z,2020-01-03T00:00:00.000Z,O,Pump,130,Plagg pond,Pond,,Plagg,,2092,,,A
-99.85270003613023,36.252507208311002,204,2019G0167,36.252501,-99.8526915,Groundwater,NE,NW,SW,35,21N,25WI,L,1,Ellis,,56,Irrigation,,"Cascade Land and Cattle, LLC",2019-09-05T00:00:00.000Z,2019-12-04T00:00:00.000Z,W,Pump,750,,,120,,20190539,,121OGLL,,A
-98.496831025987149,35.022877333336496,205,2019S0791,35.02287127,-98.49682292,Surface Water,SW,SW,NW,05,06N,12WI,L,0,Caddo,,20,"Oil, Gas & Mining",Drilling oil and gas wells,King Energy LLC,2019-08-24T00:00:00.000Z,2019-11-22T00:00:00.000Z,L,Pump,3520,pond ,Pond,,Baker 5-8 #1 WH,,1083,,,A
-96.413300500346466,33.936921473366027,206,2019G0180,33.9369155,-96.413293,Groundwater,SE,NW,NE,24,07S,08EI,L,0,Bryan,,640,Irrigation,,RWC Rev Trust,2019-09-27T00:00:00.000Z,2019-12-26T00:00:00.000Z,M,Pump,200,,,320,,,,212WDBN,,
-97.78959211731167,35.820127990713502,207,2019G0169,35.82012175,-97.78958413,Groundwater,,,NE,36,16N,06WI,L,9,Kingfisher,,300,"Oil, Gas & Mining",Drilling oil and gas wells,RJC Holdings LLC,2019-09-09T00:00:00.000Z,2019-12-08T00:00:00.000Z,O,Pump,250,,,,,20190532,,318SLPL,,
-98.561787230194184,36.431543808812101,208,2019S0959,36.4315375,-98.561779,Surface Water,SE,NE,NW,35,23N,13WI,L,1,Woods,,2,"Oil, Gas & Mining",Drilling oil and gas wells,Brickman Fast Line,2019-10-29T00:00:00.000Z,2020-01-27T00:00:00.000Z,W,Pump,175,Private,Pond,,Northern Lights 1-35-26XH,,2092,,,A
-98.162844936050362,35.776019874151814,209,2019S0981,35.77601366,-98.16283686,Surface Water,,SW,SW,16,15N,09WI,L,1,Kingfisher,,16,"Oil, Gas & Mining",Drilling oil and gas wells,"Devon Energy Production Company, LP",2019-11-04T00:00:00.000Z,2020-02-02T00:00:00.000Z,O,Pump,120,Private,Pond,,Harold 16_9-15N-9W 1HX,,2092,,,A
-98.044852735304545,35.666602954806301,210,2019S0855,35.66659675,-98.0448447,Surface Water,NE,NW,NW,27,14N,08WI,L,1,Canadian,,15,"Oil, Gas & Mining",Drilling oil and gas wells,"Citizen Energy II, L.L.C",2019-09-18T00:00:00.000Z,2019-12-17T00:00:00.000Z,O,Pump,150,Private Pond,Pond,,Heupel 1H-22 &  2H-22,,2092,,,A
-97.825206533211656,35.64573612196709,211,2019S0884,35.64572991,-97.82519855,Surface Water,,,NW,34,14N,06WI,L,1,Canadian,,34,"Oil, Gas & Mining",Drilling oil and gas wells,Newfield Exploration,2019-09-18T00:00:00.000Z,2019-12-17T00:00:00.000Z,O,Pump,450,Mary Schulte Parrish Pond,Pond,,"Slash C 1406 6H, 7H, and 8H-17X, Frac - Mary Schulte Parrish Pond to Location ",,2092,,,A
-97.057877195868045,36.904863017004672,212,2019G0185,36.90485655,-97.05786931,Groundwater,,,NE,14,28N,02EI,L,1,Kay,,9.7,Industrial,Construction sand and gravel,Merz Bros Construction,2019-10-19T00:00:00.000Z,2020-01-17T00:00:00.000Z,T,Pump,100,,,,,,,111SFAR,,A
-96.850260904381543,35.87678943018129,213,2019S0946,35.87678313,-96.85025315,Surface Water,,NW,NE,11,16N,04EI,L,0,Lincoln,,1,"Oil, Gas & Mining",Drilling oil and gas wells,Spess Oil Company,2019-10-16T00:00:00.000Z,2020-01-14T00:00:00.000Z,O,Pump,30,Private,Pond,,Vaughan-Summers 1-11,,2070,,,
-99.033604005724712,36.935737858697813,214,2019S0896,36.93573149,-99.03359561,Surface Water,,NW,NW,04,28N,17WI,L,1,Woods,,6,"Oil, Gas & Mining",Drilling oil and gas wells,Select Energy Services,2019-09-28T00:00:00.000Z,2019-12-27T00:00:00.000Z,W,Pump,2100,Myers Pond,Pond,,Mach-LM,,2102,,,A
-97.343849191969596,34.557747850848429,215,2019S0801,34.55774181,-97.34384141,Surface Water,,,SW,18,01N,01WI,L,1,Garvin,,4,"Oil, Gas & Mining",Drilling oil and gas wells,"Continental Resources, Inc.",2019-10-04T00:00:00.000Z,2020-01-02T00:00:00.000Z,O,Pump,100,Hensley Creek,Creek,,James Trust 1-24-23XHW,,1081,,,A
-96.413279351133482,33.933307444770165,216,2019G0180,33.93330147,-96.41327185,Groundwater,SE,SW,NE,24,07S,08EI,L,4,Bryan,,640,Irrigation,,RWC Rev Trust,2019-09-27T00:00:00.000Z,2019-12-26T00:00:00.000Z,M,Pump,200,,,320,,,,212WDBN,,
-97.84287596259054,35.674745415678956,217,2019S0872,35.6747392,-97.84286797,Surface Water,,,NE,21,14N,06WI,L,1,Canadian,,65,"Oil, Gas & Mining",Drilling oil and gas wells,Newfield,2019-09-17T00:00:00.000Z,2019-12-16T00:00:00.000Z,O,Pump,2500,HermanRotherPond,Pond,,"Slash C 1406 2H, 3H & 4H-17X FRAC",,2092,,,A
-95.58764786099961,35.019022712517518,218,2019S0797,35.0190165,-95.5876405,Surface Water,SE,NE,SW,02,06N,16EI,L,1,Pittsburg,,24,"Oil, Gas & Mining",Drilling oil and gas wells,Trinity Operating,2019-08-22T00:00:00.000Z,2019-11-20T00:00:00.000Z,M,Pump,3800,Lake Eufaula,Lake,,Fannie East Pad,,2030,,,A
-97.71465527206631,34.96422328045017,219,2019S0781,34.96421719,-97.71464737,Surface Water,,,N2,27,06N,05WI,L,1,Grady,,4,"Oil, Gas & Mining",Drilling oil and gas wells,"Continental Resources, Inc.",2019-10-10T00:00:00.000Z,2020-01-08T00:00:00.000Z,O,Pump,100,Glenn Pond,Pond,,"Galvin 5,6,7 Sparks 3,4,5",,1082,,,A
-97.589248005077948,34.630477060744148,220,2019S0826,34.63047102,-97.58924016,Surface Water,,,SE,23,02N,04WI,L,1,Stephens,,6,"Oil, Gas & Mining",Drilling oil and gas wells,Newfield Exploration,2019-09-08T00:00:00.000Z,2019-12-07T00:00:00.000Z,L,Pump,90,Newfield Pond,Pond,,"Mary J 2-4-25-35HA, Mary J 2-4-36-5HA, Mary J 2-4-25-36-12HA",,1081,,,A
-97.922445373452007,35.845005027797093,221,2019S0815,35.84499879,-97.92243735,Surface Water,NW,SW,SW,23,16N,07WI,L,1,Kingfisher,,38,"Oil, Gas & Mining",Drilling oil and gas wells,Recoil Oilfield Services LLC,2019-08-31T00:00:00.000Z,2019-11-29T00:00:00.000Z,O,Pump,2000,Uncle Johns Creek,Creek,,Paloma Little Joe,,2092,,,A
-97.679312237904824,34.964176185767968,222,2019S0834,34.96417009,-97.67930434,Surface Water,,,SW,25,06N,05WI,L,1,Grady,,4,"Oil, Gas & Mining",Drilling oil and gas wells,"Continental Resources, Inc.",2019-09-06T00:00:00.000Z,2019-12-05T00:00:00.000Z,O,Pump,100,Bridwell Pond ,Pond,,Cooley 2-25-24XHW,,1082,,,A
-97.978411340315546,36.028701102105096,223,2019G0154,36.02869483,-97.97840329,Groundwater,NW,NW,NW,20,18N,07WI,L,1,Kingfisher,,3,"Oil, Gas & Mining",Drilling oil and gas wells,"Chisholm Oil and Gas Operating, LLC",2019-08-07T00:00:00.000Z,2019-11-05T00:00:00.000Z,O,Pump,2000,,,,Andrews 1807 17-1MH,,,111CMRN,,A
-97.953702711498593,35.088464334412897,224,2019S0919,35.08845823,-97.95369474,Surface Water,SE,SE,SE,08,07N,07WI,L,1,Grady,,168,"Oil, Gas & Mining",Drilling oil and gas wells,Dakota Midstream RedFork Water,2019-10-11T00:00:00.000Z,2020-01-09T00:00:00.000Z,O,Pump,2100,Washita River Francis O'Hara,Stream,,Holden 0706 16-21-1WH,,1082,,,A
-97.732468551223747,35.022441650379548,225,2019S0785,35.02243555,-97.73246064,Surface Water,,N2,SW,04,06N,05WI,L,1,Grady,,3,"Oil, Gas & Mining",Drilling oil and gas wells,Marathon Oil Company,2019-08-23T00:00:00.000Z,2019-11-21T00:00:00.000Z,O,Pump,126,Bluefin Pond,Pond,,"Walter Victor 0605 2-4-9WXH, Walter Victor 0605 3-4-9WXH, Walter Victor 0605 4-4-9WXH and Ethel Mae 0605 1-4-9MXH",,1082,,,A
-97.860843480919584,35.689282906346918,226,2019S0889,35.68927669,-97.86083549,Surface Water,,,NW,17,14N,06WI,L,1,Canadian,,39,"Oil, Gas & Mining",Drilling oil and gas wells,NewField Exploration,2019-09-18T00:00:00.000Z,2019-12-17T00:00:00.000Z,O,Pump,120,Steve Jacobs E. Pond,Stream,,"WM Wallace 1406 2H, 3H & 4H-18X  - Steve Jacobs E Pond  to Staging Pond",,2092,,,A
-99.266793298411812,35.077749539434564,227,2019S0914,35.0777435,-99.266785,Surface Water,SW,NE,SW,13,07N,20WI,L,1,Greer,,2,Industrial,Highway and street construction,Ebert Construction,2019-10-14T00:00:00.000Z,2020-01-12T00:00:00.000Z,L,Pump,700,N. Fork Red,Stream,,,,1151,,,A
-98.236779019647926,35.94953665875525,228,2019S0951,35.94953042,-98.23677091,Surface Water,,,NE,14,17N,10WI,L,1,Blaine,,69,"Oil, Gas & Mining",Drilling oil and gas wells,Newfield Exploration,2019-10-22T00:00:00.000Z,2020-01-20T00:00:00.000Z,W,Pump,450,Meier Bros. Pond,Pond,,"Channel 1709 2H, 3H & 4H-30X Frac - Meier Bros.",,2092,,,A
-98.09488059583154,36.021688402707333,269,2019S0784,36.02168214,-98.09487252,Surface Water,,,NW,19,18N,08WI,L,1,Kingfisher,,3,"Oil, Gas & Mining",Drilling oil and gas wells,"Chisholm Oil and Gas Operating, LLC",2019-08-19T00:00:00.000Z,2019-11-17T00:00:00.000Z,O,Pump,2000,Meinders Pond,Pond,,Doris 18-08-19 1MH,,2092,,,A
-98.706810498335997,36.198126476494899,270,2019S0977,36.19812022,-98.70680225,Surface Water,NW,SW,NW,21,20N,14WI,L,0,Major,,50,"Oil, Gas & Mining",Drilling oil and gas wells,H2Services,2019-10-29T00:00:00.000Z,2020-01-27T00:00:00.000Z,W,Pump,1000,Private,Pond,,Bowers,,2053,,,
-97.250235025186072,36.45895098531394,271,2019S0976,36.4589446,-97.25022712,Surface Water,NW,SE,NE,24,23N,01WI,L,0,Noble,,5,"Oil, Gas & Mining",Drilling oil and gas wells,Lance Ruffel Oil & Gas,2019-10-29T00:00:00.000Z,2020-01-27T00:00:00.000Z,T,Pump,,Creek,Creek,,Ruth Williams 1-24,,2120,,,
-98.145077015212451,35.776094050398235,272,2019S0857,35.77608783,-98.14506894,Surface Water,NE,,,15,15N,09WI,L,1,Kingfisher,,32,"Oil, Gas & Mining",Drilling oil and gas wells,Devon Energy Production Company LP,2019-09-16T00:00:00.000Z,2019-12-15T00:00:00.000Z,O,Pump,1200,Private,Pond,,"McCarthy 10_3-15N-9W 4HX,5HX,6HX,2HX",,2092,,,A
