SiteUUID,RegulatoryOverlayUUIDs,WaterSourceUUID,CoordinateAccuracy,CoordinateMethodCV,County,EPSGCodeCV,Geometry,GNISCodeCV,HUC12,HUC8,Latitude,Longitude,NHDNetworkStatusCV,NHDProductCV,PODorPOUSite,SiteName,SiteNativeID,SitePoint,SiteTypeCV,StateCV,USGSSiteID,ReasonRemoved,index
COwr_S371,,COwr_WS86,,Unspecified,MESA,4326,,,,,,,,,POD,KRAMER SPRING,7205223,,Spring,CO,,Bad Latitude,370.0
COwr_S7122,,COwr_WS157,,Unable to spot,MESA,4326,,,,,,,,,POD,RUTH MTN RESERVOIR,7203662,,Reservoir,CO,,Bad Latitude,7121.0
COwr_S7815,,COwr_WS264,,Unable to spot,ARCHULETA,4326,,,,,,,,,POD,PIEDRA VALLEY RANCH D #1,7800679,,Ditch,CO,,Bad Latitude,7814.0
COwr_S8367,,COwr_WS79,,Unspecified,ADAMS,4326,,,,,,,,,POD,GVR PARTNERSHIP UAR WL FLD,204006,,Well Field,CO,,Bad Latitude,8366.0
COwr_S8647,,COwr_WS91,,Unable to spot,ARCHULETA,4326,,,,,,,,,POD,NEESH PUMP #2,7700632,,Pump,CO,,Bad Latitude,8646.0
COwr_S9151,,COwr_WS263,,Unable to spot,ARCHULETA,4326,,,,,,,,,POD,ONEAL PARK RESERVOIR,7803632,,Reservoir,CO,,Bad Latitude,9150.0
COwr_S12579,,COwr_WS94,,Unspecified,ARAPAHOE,4326,,,,,,,,,POD,COLO ST LND BRD NNT DEN WL FLD,204002,,Well Field,CO,,Bad Latitude,12578.0
COwr_S12774,,COwr_WS97,,Unspecified,ADAMS,4326,,,,,,,,,POD,GVR PARTNERSHIP LFH WL FLD,204008,,Well Field,CO,,Bad Latitude,12773.0
COwr_S12876,,COwr_WS97,,Unspecified,ARAPAHOE,4326,,,,,,,,,POD,COLO ST LND BRD LFH WL FLD,204005,,Well Field,CO,,Bad Latitude,12875.0
COwr_S12996,,COwr_WS94,,Unspecified,ARAPAHOE,4326,,,,,,,,,POD,COLO ST LND BRD NNT4P DEN WL FLD,204004,,Well Field,CO,,Bad Latitude,12995.0
COwr_S13082,,COwr_WS94,,Unspecified,ARAPAHOE,4326,,,,,,,,,POD,COLO ST LND BRD DEN WL FLD,204003,,Well Field,CO,,Bad Latitude,13081.0
COwr_S13114,,COwr_WS110,,Unspecified,ADAMS,4326,,,,,,,,,POD,GVR PARTNERSHIP LAR WL FLD,204007,,Well Field,CO,,Bad Latitude,13113.0
COwr_S13453,,COwr_WS258,,Unspecified,HUERFANO,4326,,,,,,,,,POD,GOOSE RANCH RESERVOIR,7903707,,Reservoir,CO,,Bad Latitude,13452.0
COwr_S15047,,COwr_WS400,,Unspecified,JEFFERSON,4326,,,,,,,,,POD,ELK CREEK PROPERTIES WELL 67,8005767,,Well,CO,,Bad Latitude,15046.0
COwr_S15057,,COwr_WS400,,Unspecified,JEFFERSON,4326,,,,,,,,,POD,ELK CREEK PROPERTIES WELL 45,8005745,,Well,CO,,Bad Latitude,15056.0
COwr_S15081,,COwr_WS400,,Unspecified,JEFFERSON,4326,,,,,,,,,POD,ELK CREEK PROPERTIES WELL 30,8005730,,Well,CO,,Bad Latitude,15080.0
COwr_S15086,,COwr_WS400,,Unspecified,JEFFERSON,4326,,,,,,,,,POD,ELK CREEK PROPERTIES WELL 35,8005735,,Well,CO,,Bad Latitude,15085.0
COwr_S15103,,COwr_WS400,,Unspecified,JEFFERSON,4326,,,,,,,,,POD,ELK CREEK PROPERTIES WELL 03,8005703,,Well,CO,,Bad Latitude,15102.0
COwr_S15106,,COwr_WS400,,Unspecified,JEFFERSON,4326,,,,,,,,,POD,ELK CREEK PROPERTIES WELL 40,8005740,,Well,CO,,Bad Latitude,15105.0
COwr_S15123,,COwr_WS400,,Unspecified,JEFFERSON,4326,,,,,,,,,POD,ELK CREEK PROPERTIES WELL 25,8005725,,Well,CO,,Bad Latitude,15122.0
COwr_S15130,,COwr_WS400,,Unspecified,JEFFERSON,4326,,,,,,,,,POD,ELK CREEK PROPERTIES WELL 57,8005757,,Well,CO,,Bad Latitude,15129.0
COwr_S15144,,COwr_WS400,,Unspecified,JEFFERSON,4326,,,,,,,,,POD,ELK CREEK PROPERTIES WELL 08,8005708,,Well,CO,,Bad Latitude,15143.0
COwr_S15156,,COwr_WS400,,Unspecified,JEFFERSON,4326,,,,,,,,,POD,ELK CREEK PROPERTIES WELL 17,8005717,,Well,CO,,Bad Latitude,15155.0
COwr_S15177,,COwr_WS400,,Unspecified,JEFFERSON,4326,,,,,,,,,POD,ELK CREEK PROPERTIES WELL 21,8005721,,Well,CO,,Bad Latitude,15176.0
COwr_S15188,,COwr_WS400,,Unspecified,JEFFERSON,4326,,,,,,,,,POD,ELK CREEK PROPERTIES WELL 49,8005749,,Well,CO,,Bad Latitude,15187.0
COwr_S15211,,COwr_WS400,,Unspecified,JEFFERSON,4326,,,,,,,,,POD,ELK CREEK PROPERTIES WELL 62,8005762,,Well,CO,,Bad Latitude,15210.0
COwr_S15223,,COwr_WS400,,Unspecified,JEFFERSON,4326,,,,,,,,,POD,ELK CREEK PROPERTIES WELL 02,8005702,,Well,CO,,Bad Latitude,15222.0
COwr_S15244,,COwr_WS400,,Unspecified,JEFFERSON,4326,,,,,,,,,POD,ELK CREEK PROPERTIES WELL 13,8005713,,Well,CO,,Bad Latitude,15243.0
COwr_S15263,,COwr_WS400,,Unspecified,JEFFERSON,4326,,,,,,,,,POD,ELK CREEK PROPERTIES WELL 34,8005734,,Well,CO,,Bad Latitude,15262.0
COwr_S15279,,COwr_WS400,,Unspecified,JEFFERSON,4326,,,,,,,,,POD,ELK CREEK PROPERTIES WELL 66,8005766,,Well,CO,,Bad Latitude,15278.0
COwr_S15286,,COwr_WS400,,Unspecified,JEFFERSON,4326,,,,,,,,,POD,ELK CREEK PROPERTIES WELL 36,8005736,,Well,CO,,Bad Latitude,15285.0
COwr_S15312,,COwr_WS400,,Unspecified,JEFFERSON,4326,,,,,,,,,POD,ELK CREEK PROPERTIES WELL 29,8005729,,Well,CO,,Bad Latitude,15311.0
COwr_S15314,,COwr_WS400,,Unspecified,JEFFERSON,4326,,,,,,,,,POD,ELK CREEK PROPERTIES WELL 09,8005709,,Well,CO,,Bad Latitude,15313.0
COwr_S15315,,COwr_WS400,,Unspecified,JEFFERSON,4326,,,,,,,,,POD,ELK CREEK PROPERTIES WELL 19,8005719,,Well,CO,,Bad Latitude,15314.0
COwr_S15321,,COwr_WS400,,Unspecified,JEFFERSON,4326,,,,,,,,,POD,ELK CREEK PROPERTIES WELL 53,8005753,,Well,CO,,Bad Latitude,15320.0
COwr_S15324,,COwr_WS400,,Unspecified,JEFFERSON,4326,,,,,,,,,POD,ELK CREEK PROPERTIES WELL 04,8005704,,Well,CO,,Bad Latitude,15323.0
COwr_S15370,,COwr_WS400,,Unspecified,JEFFERSON,4326,,,,,,,,,POD,ELK CREEK PROPERTIES WELL 41,8005741,,Well,CO,,Bad Latitude,15369.0
COwr_S15383,,COwr_WS400,,Unspecified,JEFFERSON,4326,,,,,,,,,POD,ELK CREEK PROPERTIES WELL 68,8005768,,Well,CO,,Bad Latitude,15382.0
COwr_S15388,,COwr_WS400,,Unspecified,JEFFERSON,4326,,,,,,,,,POD,ELK CREEK PROPERTIES WELL 51,8005751,,Well,CO,,Bad Latitude,15387.0
COwr_S15396,,COwr_WS400,,Unspecified,JEFFERSON,4326,,,,,,,,,POD,ELK CREEK PROPERTIES WELL 26,8005726,,Well,CO,,Bad Latitude,15395.0
COwr_S15401,,COwr_WS400,,Unspecified,JEFFERSON,4326,,,,,,,,,POD,ELK CREEK PROPERTIES WELL 58,8005758,,Well,CO,,Bad Latitude,15400.0
COwr_S15423,,COwr_WS400,,Unspecified,JEFFERSON,4326,,,,,,,,,POD,ELK CREEK PROPERTIES WELL 44,8005744,,Well,CO,,Bad Latitude,15422.0
COwr_S15435,,COwr_WS400,,Unspecified,JEFFERSON,4326,,,,,,,,,POD,ELK CREEK PROPERTIES WELL 37,8005737,,Well,CO,,Bad Latitude,15434.0
COwr_S15444,,COwr_WS400,,Unspecified,JEFFERSON,4326,,,,,,,,,POD,ELK CREEK PROPERTIES WELL 01,8005701,,Well,CO,,Bad Latitude,15443.0
COwr_S15455,,COwr_WS400,,Unspecified,JEFFERSON,4326,,,,,,,,,POD,ELK CREEK PROPERTIES WELL 61,8005761,,Well,CO,,Bad Latitude,15454.0
COwr_S15462,,COwr_WS400,,Unspecified,JEFFERSON,4326,,,,,,,,,POD,ELK CREEK PROPERTIES WELL 22,8005722,,Well,CO,,Bad Latitude,15461.0
COwr_S15463,,COwr_WS400,,Unspecified,JEFFERSON,4326,,,,,,,,,POD,ELK CREEK PROPERTIES WELL 12,8005712,,Well,CO,,Bad Latitude,15462.0
COwr_S15487,,COwr_WS400,,Unspecified,JEFFERSON,4326,,,,,,,,,POD,ELK CREEK PROPERTIES WELL 48,8005748,,Well,CO,,Bad Latitude,15486.0
COwr_S15498,,COwr_WS400,,Unspecified,JEFFERSON,4326,,,,,,,,,POD,ELK CREEK PROPERTIES WELL 16,8005716,,Well,CO,,Bad Latitude,15497.0
COwr_S15502,,COwr_WS400,,Unspecified,JEFFERSON,4326,,,,,,,,,POD,ELK CREEK PROPERTIES WELL 33,8005733,,Well,CO,,Bad Latitude,15501.0
COwr_S15524,,COwr_WS400,,Unspecified,JEFFERSON,4326,,,,,,,,,POD,ELK CREEK PROPERTIES WELL 65,8005765,,Well,CO,,Bad Latitude,15523.0
COwr_S15591,,COwr_WS400,,Unspecified,JEFFERSON,4326,,,,,,,,,POD,ELK CREEK PROPERTIES WELL 20,8005720,,Well,CO,,Bad Latitude,15590.0
COwr_S15592,,COwr_WS400,,Unspecified,JEFFERSON,4326,,,,,,,,,POD,ELK CREEK PROPERTIES WELL 69,8005769,,Well,CO,,Bad Latitude,15591.0
COwr_S15595,,COwr_WS400,,Unspecified,JEFFERSON,4326,,,,,,,,,POD,ELK CREEK PROPERTIES WELL 54,8005754,,Well,CO,,Bad Latitude,15594.0
COwr_S15597,,COwr_WS400,,Unspecified,JEFFERSON,4326,,,,,,,,,POD,ELK CREEK PROPERTIES WELL 52,8005752,,Well,CO,,Bad Latitude,15596.0
COwr_S15623,,COwr_WS400,,Unspecified,JEFFERSON,4326,,,,,,,,,POD,ELK CREEK PROPERTIES WELL 10,8005710,,Well,CO,,Bad Latitude,15622.0
COwr_S15639,,COwr_WS400,,Unspecified,JEFFERSON,4326,,,,,,,,,POD,ELK CREEK PROPERTIES WELL 05,8005705,,Well,CO,,Bad Latitude,15638.0
COwr_S15654,,COwr_WS400,,Unspecified,JEFFERSON,4326,,,,,,,,,POD,ELK CREEK PROPERTIES WELL 42,8005742,,Well,CO,,Bad Latitude,15653.0
COwr_S15694,,COwr_WS400,,Unspecified,JEFFERSON,4326,,,,,,,,,POD,ELK CREEK PROPERTIES WELL 23,8005723,,Well,CO,,Bad Latitude,15693.0
COwr_S15706,,COwr_WS400,,Unspecified,JEFFERSON,4326,,,,,,,,,POD,ELK CREEK PROPERTIES WELL 06,8005706,,Well,CO,,Bad Latitude,15705.0
COwr_S15708,,COwr_WS400,,Unspecified,JEFFERSON,4326,,,,,,,,,POD,ELK CREEK PROPERTIES WELL 28,8005728,,Well,CO,,Bad Latitude,15707.0
COwr_S15725,,COwr_WS400,,Unspecified,JEFFERSON,4326,,,,,,,,,POD,ELK CREEK PROPERTIES WELL 64,8005764,,Well,CO,,Bad Latitude,15724.0
COwr_S15735,,COwr_WS400,,Unspecified,JEFFERSON,4326,,,,,,,,,POD,ELK CREEK PROPERTIES WELL 38,8005738,,Well,CO,,Bad Latitude,15734.0
COwr_S15743,,COwr_WS400,,Unable to spot,PARK,4326,,,,,,,,,POD,HENRY WELL 1,8005179,,Well,CO,,Bad Latitude,15742.0
COwr_S15758,,COwr_WS400,,Unspecified,JEFFERSON,4326,,,,,,,,,POD,ELK CREEK PROPERTIES WELL 43,8005743,,Well,CO,,Bad Latitude,15757.0
COwr_S15772,,COwr_WS400,,Unspecified,JEFFERSON,4326,,,,,,,,,POD,ELK CREEK PROPERTIES WELL 11,8005711,,Well,CO,,Bad Latitude,15771.0
COwr_S15785,,COwr_WS400,,Unspecified,JEFFERSON,4326,,,,,,,,,POD,ELK CREEK PROPERTIES WELL 32,8005732,,Well,CO,,Bad Latitude,15784.0
COwr_S15798,,COwr_WS400,,Unspecified,JEFFERSON,4326,,,,,,,,,POD,ELK CREEK PROPERTIES WELL 60,8005760,,Well,CO,,Bad Latitude,15797.0
COwr_S15802,,COwr_WS400,,Unspecified,JEFFERSON,4326,,,,,,,,,POD,ELK CREEK PROPERTIES WELL 15,8005715,,Well,CO,,Bad Latitude,15801.0
COwr_S15819,,COwr_WS400,,Unspecified,JEFFERSON,4326,,,,,,,,,POD,ELK CREEK PROPERTIES WELL 47,8005747,,Well,CO,,Bad Latitude,15818.0
COwr_S15837,,COwr_WS400,,Unspecified,JEFFERSON,4326,,,,,,,,,POD,ELK CREEK PROPERTIES WELL 14,8005714,,Well,CO,,Bad Latitude,15836.0
COwr_S15843,,COwr_WS400,,Unspecified,JEFFERSON,4326,,,,,,,,,POD,ELK CREEK PROPERTIES WELL 56,8005756,,Well,CO,,Bad Latitude,15842.0
COwr_S15863,,COwr_WS400,,Unspecified,JEFFERSON,4326,,,,,,,,,POD,ELK CREEK PROPERTIES WELL 46,8005746,,Well,CO,,Bad Latitude,15862.0
COwr_S15887,,COwr_WS400,,Unspecified,JEFFERSON,4326,,,,,,,,,POD,ELK CREEK PROPERTIES WELL 70,8005770,,Well,CO,,Bad Latitude,15886.0
COwr_S15897,,COwr_WS400,,Unspecified,JEFFERSON,4326,,,,,,,,,POD,ELK CREEK PROPERTIES WELL 24,8005724,,Well,CO,,Bad Latitude,15896.0
COwr_S15900,,COwr_WS400,,Unspecified,JEFFERSON,4326,,,,,,,,,POD,ELK CREEK PROPERTIES WELL 63,8005763,,Well,CO,,Bad Latitude,15899.0
COwr_S15926,,COwr_WS400,,Unspecified,JEFFERSON,4326,,,,,,,,,POD,ELK CREEK PROPERTIES WELL 39,8005739,,Well,CO,,Bad Latitude,15925.0
COwr_S15936,,COwr_WS400,,Unspecified,JEFFERSON,4326,,,,,,,,,POD,ELK CREEK PROPERTIES WELL 07,8005707,,Well,CO,,Bad Latitude,15935.0
COwr_S15954,,COwr_WS400,,Unspecified,JEFFERSON,4326,,,,,,,,,POD,ELK CREEK PROPERTIES WELL 59,8005759,,Well,CO,,Bad Latitude,15953.0
COwr_S15987,,COwr_WS400,,Unspecified,JEFFERSON,4326,,,,,,,,,POD,ELK CREEK PROPERTIES WELL 18,8005718,,Well,CO,,Bad Latitude,15986.0
COwr_S15995,,COwr_WS400,,Unspecified,JEFFERSON,4326,,,,,,,,,POD,ELK CREEK PROPERTIES WELL 27,8005727,,Well,CO,,Bad Latitude,15994.0
COwr_S16004,,COwr_WS400,,Unspecified,JEFFERSON,4326,,,,,,,,,POD,ELK CREEK PROPERTIES WELL 55,8005755,,Well,CO,,Bad Latitude,16003.0
COwr_S16063,,COwr_WS400,,Unspecified,JEFFERSON,4326,,,,,,,,,POD,ELK CREEK PROPERTIES WELL 50,8005750,,Well,CO,,Bad Latitude,16062.0
COwr_S16067,,COwr_WS400,,Unspecified,JEFFERSON,4326,,,,,,,,,POD,ELK CREEK PROPERTIES WELL 31,8005731,,Well,CO,,Bad Latitude,16066.0
COwr_S19461,,COwr_WS110,,Unspecified,ADAMS,4326,,,,,,,,,POD,AURORA LAR WL FLD,210017,,Well Field,CO,,Bad Latitude,19460.0
COwr_S19528,,COwr_WS94,,Unspecified,ADAMS,4326,,,,,,,,,POD,AURORA DEN WL FLD,210013,,Well Field,CO,,Bad Latitude,19527.0
COwr_S19649,,COwr_WS97,,Unspecified,ADAMS,4326,,,,,,,,,POD,AURORA LFH WL FLD,210018,,Well Field,CO,,Bad Latitude,19648.0
COwr_S19788,,COwr_WS79,,Unspecified,ADAMS,4326,,,,,,,,,POD,AURORA UAR WL FLD,210014,,Well Field,CO,,Bad Latitude,19787.0
COwr_S24485,,COwr_WS424,,Unspecified,BOULDER,4326,,,,,,,,,POD,DICKENS PRIVATE DITCH 2,500955,,Ditch,CO,,Bad Latitude,24484.0
COwr_S26026,,COwr_WS425,,Unspecified,BOULDER,4326,,,,,,,,,POD,HAPPY VALLEY FL PL,600529,,Pipeline,CO,,Bad Latitude,26025.0
COwr_S26229,,COwr_WS425,,Unspecified,BOULDER,4326,,,,,,,,,POD,WATERWHEEL DITCH,600556,,Ditch,CO,,Bad Latitude,26228.0
COwr_S31467,,COwr_WS358,,Unspecified,LAS ANIMAS,4326,,,,,,,,,POD,TED JACKSON & CO AUG PLN,1907001,,Augmentation/Replacement Plan,CO,,Bad Latitude,31466.0
COwr_S32159,,COwr_WS855,,Unspecified,FREMONT,4326,,,,,,,,,POD,TAYLOR SPRING & PIPELINE,1202688,,Spring,CO,,Bad Latitude,32158.0
COwr_S33160,,COwr_WS109,,Unspecified,DOUGLAS,4326,,,,,,,,,POD,BURLINGTON N UDA WL FLD,810396,,Well Field,CO,,Bad Latitude,33159.0
COwr_S33327,,COwr_WS77,,Unspecified,DOUGLAS,4326,,,,,,,,,POD,TRENTON DEEP WELL,808284,,Well,CO,,Bad Latitude,33326.0
COwr_S33422,,COwr_WS109,,Unspecified,DOUGLAS,4326,,,,,,,,,POD,HAMILTON TRUST W DA-5,808601,,Well,CO,,Bad Latitude,33421.0
COwr_S33855,,COwr_WS79,,Unspecified,DOUGLAS,4326,,,,,,,,,POD,HAMILTON TRUST W AR-3,808611,,Well,CO,,Bad Latitude,33854.0
COwr_S34079,,COwr_WS94,,Unspecified,DOUGLAS,4326,,,,,,,,,POD,HAMILTON TRUST W DN-7,808608,,Well,CO,,Bad Latitude,34078.0
COwr_S35171,,COwr_WS109,,Unspecified,DOUGLAS,4326,,,,,,,,,POD,BURLINGTON N DA WL FLD,810395,,Well Field,CO,,Bad Latitude,35170.0
COwr_S35999,,COwr_WS97,,Unspecified,ARAPAHOE,4326,,,,,,,,,POD,LITTLETON LFH WL FLD,811501,,Well Field,CO,,Bad Latitude,35998.0
COwr_S36304,,COwr_WS79,,Unspecified,ARAPAHOE,4326,,,,,,,,,POD,LITTLETON AR WL FLD,811502,,Well Field,CO,,Bad Latitude,36303.0
COwr_S36520,,COwr_WS95,,Unspecified,ARAPAHOE,4326,,,,,,,,,POD,LITTLETON LAR WL FLD,811503,,Well Field,CO,,Bad Latitude,36519.0
COwr_S36965,,COwr_WS94,,Unspecified,ARAPAHOE,4326,,,,,,,,,POD,LITTLETON DEN WL FLD,811504,,Well Field,CO,,Bad Latitude,36964.0
COwr_S39613,,COwr_WS94,,Unspecified,DENVER,4326,,,,,,,,,POD,HIGHLANDS RANCH NT DEN WELL FIELD,816292,,Well Field,CO,,Bad Latitude,39612.0
COwr_S39676,,COwr_WS94,,Unspecified,DOUGLAS,4326,,,,,,,,,POD,MISSION VIEJO NNT DEN WELL FIELD,816293,,Well Field,CO,,Bad Latitude,39675.0
COwr_S39825,,COwr_WS97,,Unspecified,DOUGLAS,4326,,,,,,,,,POD,MISSION VIEJO NT LFH WELL FIELD,816295,,Well Field,CO,,Bad Latitude,39824.0
COwr_S39910,,COwr_WS79,,Unspecified,DOUGLAS,4326,,,,,,,,,POD,MISSION VIEJO NT AR WELL FIELD,816294,,Well Field,CO,,Bad Latitude,39909.0
COwr_S42653,,COwr_WS97,,Unspecified,JEFFERSON,4326,,,,,,,,,POD,LAKEWOOD W 10-1SF,905353,,Well,CO,,Bad Latitude,42652.0
COwr_S42912,,COwr_WS936,,Unspecified,EL PASO,4326,,,,,,,,,POD,WATSON DITCH,1000839,,Ditch,CO,,Bad Latitude,42911.0
COwr_S43181,,COwr_WS942,,Unspecified,UNKNOWN,4326,,,,,,,,,POD,CHEROKEE METRO WWTP,1000972,,Other,CO,,Bad Latitude,43180.0
COwr_S43726,,COwr_WS358,,Unspecified,EL PASO,4326,,,,,,,,,POD,TRIVIEW METRO (ARAP) AUG PLAN,1007096,,Augmentation/Replacement Plan,CO,,Bad Latitude,43725.0
COwr_S44959,,COwr_WS358,,Unspecified,EL PASO,4326,,,,,,,,,POD,FOUNTAIN AUG PLAN,1007001,,Augmentation/Replacement Plan,CO,,Bad Latitude,44958.0
COwr_S45071,,COwr_WS358,,Unspecified,EL PASO,4326,,,,,,,,,POD,FOREST LAKES AUG PLAN,1007015,,Augmentation/Replacement Plan,CO,,Bad Latitude,45070.0
COwr_S45155,,COwr_WS358,,Unspecified,EL PASO,4326,,,,,,,,,POD,COMANCHE RESOURCES AUG PLAN,1007133,,Augmentation/Replacement Plan,CO,,Bad Latitude,45154.0
COwr_S45236,,COwr_WS358,,Unspecified,EL PASO,4326,,,,,,,,,POD,BENT TREE NNT DAWSON AUG PLAN,1007000,,Augmentation/Replacement Plan,CO,,Bad Latitude,45235.0
COwr_S45238,,COwr_WS358,,Unspecified,EL PASO,4326,,,,,,,,,POD,DONALA AUG PLAN,1007092,,Augmentation/Replacement Plan,CO,,Bad Latitude,45237.0
COwr_S45369,,COwr_WS957,,Unspecified,EL PASO,4326,,,,,,,,,POD,COLO SPGS ARK RIV EXCHG,1007044,,Other,CO,,Bad Latitude,45368.0
COwr_S45576,,COwr_WS342,,Unspecified,EL PASO,4326,,,,,,,,,POD,JC ORANGE WELL NO 1,1008188,,Well,CO,,Bad Latitude,45575.0
COwr_S45703,,COwr_WS358,,Unspecified,EL PASO,4326,,,,,,,,,POD,FOREST LAKES NNT DENVER AUG PLAN,1007176,,Augmentation/Replacement Plan,CO,,Bad Latitude,45702.0
COwr_S45983,,COwr_WS358,,Unspecified,EL PASO,4326,,,,,,,,,POD,FOREST LAKES NNT DAWSON AUG PLAN,1007177,,Augmentation/Replacement Plan,CO,,Bad Latitude,45982.0
COwr_S46098,,COwr_WS358,,Unspecified,EL PASO,4326,,,,,,,,,POD,FOREST LAKES NNT ARAPAHOE AUG PLAN,1007178,,Augmentation/Replacement Plan,CO,,Bad Latitude,46097.0
COwr_S46295,,COwr_WS854,,Unspecified,CHAFFEE,4326,,,,,,,,,POD,SILVER CREEK PIPELINE 2,1101010,,Pipeline,CO,,Bad Latitude,46294.0
COwr_S46855,,COwr_WS854,,Unspecified,CHAFFEE,4326,,,,,,,,,POD,SILVER CREEK PIPELINE 1,1101007,,Pipeline,CO,,Bad Latitude,46854.0
COwr_S47385,,COwr_WS358,,Unspecified,FREMONT,4326,,,,,,,,,POD,GLEN VISTA AUG PLAN,1207008,,Augmentation/Replacement Plan,CO,,Bad Latitude,47384.0
COwr_S48270,,COwr_WS342,,Unable to spot,CHAFFEE,4326,,,,,,,,,POD,ANGEL OF SHAVANO CG WELL,1105768,,Well,CO,,Bad Latitude,48269.0
COwr_S49285,,COwr_WS1183,,Unspecified,UNKNOWN,4326,,,,,,,,,POD,COTTER SAND CREEK EXCH,1202800,,Reach,CO,,Bad Latitude,49284.0
COwr_S49925,,COwr_WS1201,,Unspecified,FREMONT,4326,,,,,,,,,POD,BURGMAN DITCH NO 2,1300963,,Ditch,CO,,Bad Latitude,49924.0
COwr_S50342,,COwr_WS342,,Unable to spot,FREMONT,4326,,,,,,,,,POD,CARR WELL NO 1 115565,1208045,,Well,CO,,Bad Latitude,50341.0
COwr_S51568,,COwr_WS342,,Unspecified,PUEBLO,4326,,,,,,,,,POD,BARNES WELL NO 1,1408005,,Well,CO,,Bad Latitude,51567.0
COwr_S51839,,COwr_WS855,,Unspecified,PUEBLO,4326,,,,,,,,,POD,RESERVOIR NO 9,1403527,,Reservoir,CO,,Bad Latitude,51838.0
COwr_S51894,,COwr_WS342,,Unspecified,PUEBLO,4326,,,,,,,,,POD,CARLSON WELL NO 1,1408024,,Well,CO,,Bad Latitude,51893.0
COwr_S51950,,COwr_WS342,,Unspecified,PUEBLO,4326,,,,,,,,,POD,CARLSON WELL NO 2,1408025,,Well,CO,,Bad Latitude,51949.0
COwr_S52224,,COwr_WS342,,Unspecified,PUEBLO,4326,,,,,,,,,POD,KLOMP WELL NO 31201,1408136,,Well,CO,,Bad Latitude,52223.0
COwr_S52225,,COwr_WS342,,Unspecified,PUEBLO,4326,,,,,,,,,POD,LINDVAY WELL NO 1,1408150,,Well,CO,,Bad Latitude,52224.0
COwr_S52226,,COwr_WS342,,Unspecified,PUEBLO,4326,,,,,,,,,POD,PISCIOTTA DOM & STK WELL,1408194,,Well,CO,,Bad Latitude,52225.0
COwr_S52228,,COwr_WS342,,Unspecified,CUSTER,4326,,,,,,,,,POD,FISHER WELL,1508084,,Well,CO,,Bad Latitude,52227.0
COwr_S52229,,COwr_WS342,,Unspecified,PUEBLO,4326,,,,,,,,,POD,MICHAELS WELL,1508152,,Well,CO,,Bad Latitude,52228.0
COwr_S52234,,COwr_WS342,,Unspecified,BENT,4326,,,,,,,,,POD,BUSH WELL,1708065,,Well,CO,,Bad Latitude,52233.0
COwr_S52237,,COwr_WS342,,Unspecified,PUEBLO,4326,,,,,,,,,POD,HITZING DOMESTIC & STOCK,1408109,,Well,CO,,Bad Latitude,52236.0
COwr_S52589,,COwr_WS342,,Unspecified,PUEBLO,4326,,,,,,,,,POD,FABIAN HOME WELL,1408068,,Well,CO,,Bad Latitude,52588.0
COwr_S52651,,COwr_WS342,,Unspecified,PUEBLO,4326,,,,,,,,,POD,PATTI WELL NO 1,1508164,,Well,CO,,Bad Latitude,52650.0
COwr_S52698,,COwr_WS342,,Unspecified,PUEBLO,4326,,,,,,,,,POD,HUTTON WELL,1408117,,Well,CO,,Bad Latitude,52697.0
COwr_S52844,,COwr_WS342,,Unspecified,PUEBLO,4326,,,,,,,,,POD,HARBOUR WELL,1408099,,Well,CO,,Bad Latitude,52843.0
COwr_S52867,,COwr_WS342,,Unspecified,PUEBLO,4326,,,,,,,,,POD,PATTI WELL NO 2,1508165,,Well,CO,,Bad Latitude,52866.0
COwr_S52943,,COwr_WS1245,,Unspecified,PUEBLO,4326,,,,,,,,,POD,VIVODA OVERFLOW NO 1,1502080,,Spring,CO,,Bad Latitude,52942.0
COwr_S53124,,COwr_WS342,,Unspecified,PUEBLO,4326,,,,,,,,,POD,PISCIOTTA DOMESTIC WELL,1408195,,Well,CO,,Bad Latitude,53123.0
COwr_S53615,,COwr_WS855,,Unspecified,KIOWA,4326,,,,,,,,,POD,NEENOSHE RESERVOIR,1703607,,Reservoir,CO,,Bad Latitude,53614.0
COwr_S54011,,COwr_WS855,,Unspecified,KIOWA,4326,,,,,,,,,POD,NEE GRONDA RESERVOIR,1703606,,Reservoir,CO,,Bad Latitude,54010.0
COwr_S54116,,COwr_WS1274,,Unspecified,HUERFANO,4326,,,,,,,,,POD,WILLOW RESERVOIR,1603512,,Reservoir,CO,,Bad Latitude,54115.0
COwr_S54318,,COwr_WS855,,Unspecified,KIOWA,4326,,,,,,,,,POD,NEESOPAH RESERVOIR,1703605,,Reservoir,CO,,Bad Latitude,54317.0
COwr_S54520,,COwr_WS855,,Unspecified,KIOWA,4326,,,,,,,,,POD,NEESKAH RESERVOIR,1703608,,Reservoir,CO,,Bad Latitude,54519.0
COwr_S54655,,COwr_WS1326,,Unspecified,LAS ANIMAS,4326,,,,,,,,,POD,O T HOLLINGSWORTH DITCH,1900663,,Ditch,CO,,Bad Latitude,54654.0
COwr_S54666,,COwr_WS342,,Unspecified,OTERO,4326,,,,,,,,,POD,USTICK WELL NO 1,1708320,,Well,CO,,Bad Latitude,54665.0
COwr_S54750,,COwr_WS342,,Unspecified,BENT,4326,,,,,,,,,POD,ADAMSON WELL,1708027,,Well,CO,,Bad Latitude,54749.0
COwr_S55325,,COwr_WS342,,Unspecified,OTERO,4326,,,,,,,,,POD,EBERHART WELL,1706445,,Well,CO,,Bad Latitude,55324.0
COwr_S55617,,COwr_WS342,,Unspecified,OTERO,4326,,,,,,,,,POD,WILSON WELL,1708348,,Well,CO,,Bad Latitude,55616.0
COwr_S55791,,COwr_WS358,,Unspecified,CROWLEY,4326,,,,,,,,,POD,HCWUA AUG PLAN,1707005,,Augmentation/Replacement Plan,CO,,Bad Latitude,55790.0
COwr_S56021,,COwr_WS342,,Unable to spot,CROWLEY,4326,,,,,,,,,POD,LAKE WELL,1708198,,Well,CO,,Bad Latitude,56020.0
COwr_S56116,,COwr_WS342,,Unspecified,OTERO,4326,,,,,,,,,POD,USTICK WELL NO 1,1708319,,Well,CO,,Bad Latitude,56115.0
COwr_S56195,,COwr_WS358,,Unspecified,LAS ANIMAS,4326,,,,,,,,,POD,HILL RANCH AUG PLAN,1907003,,Augmentation/Replacement Plan,CO,,Bad Latitude,56194.0
COwr_S56254,,COwr_WS342,,Unable to spot,LAS ANIMAS,4326,,,,,,,,,POD,SPANISH PEAKS WELL NO 14,1908014,,Well,CO,,Bad Latitude,56253.0
COwr_S56866,,COwr_WS358,,Unspecified,LAS ANIMAS,4326,,,,,,,,,POD,CIMARRON RANCH AUG PLAN,1907000,,Augmentation/Replacement Plan,CO,,Bad Latitude,56865.0
COwr_S56928,,COwr_WS342,,Unable to spot,LAS ANIMAS,4326,,,,,,,,,POD,SPANISH PEAKS WELL NO  1,1908001,,Well,CO,,Bad Latitude,56927.0
COwr_S57036,,COwr_WS1336,,Unspecified,LAS ANIMAS,4326,,,,,,,,,POD,SPORLEDER SPRING NO 2,1802053,,Spring,CO,,Bad Latitude,57035.0
COwr_S57095,,COwr_WS1300,,Unspecified,LAS ANIMAS,4326,,,,,,,,,POD,STARKVILLE SPRINGS,1900878,,Spring,CO,,Bad Latitude,57094.0
COwr_S57393,,COwr_WS1330,,Unspecified,,4326,,,,,,,,,POD,RIO GRANDE FISHERY CHANNEL NO. 1,2002109,,Ditch,CO,,Bad Latitude,57392.0
COwr_S57411,,COwr_WS1419,,Unspecified,,4326,,,,,,,,,POD,JOHN R GRANT DITCH FISHERY ENLARGEMENT,2002106,,Reservoir System,CO,,Bad Latitude,57410.0
COwr_S57464,,COwr_WS1428,,Unspecified,MINERAL,4326,,,,,,,,,POD,SKI AREA PIPELINE,2001709,,Pipeline,CO,,Bad Latitude,57463.0
COwr_S57511,,COwr_WS1410,,Unspecified,,4326,,,,,,,,,POD,TROUT CREEK FISHERY CHANNEL NO. 4,2002104,,Reservoir System,CO,,Bad Latitude,57510.0
COwr_S57516,,COwr_WS1330,,Unspecified,,4326,,,,,,,,,POD,RIO GRANDE FISHERY CHANNEL NO. 2,2002110,,Ditch,CO,,Bad Latitude,57515.0
COwr_S57571,,COwr_WS1428,,Unspecified,MINERAL,4326,,,,,,,,,POD,SKI AREA PIPELINE APD,2001861,,Pipeline,CO,,Bad Latitude,57570.0
COwr_S57608,,COwr_WS1410,,Unspecified,,4326,,,,,,,,,POD,TROUT CREEK FISHERY CHANNEL NO. 2,2002102,,Reservoir System,CO,,Bad Latitude,57607.0
COwr_S57744,,COwr_WS1410,,Unspecified,,4326,,,,,,,,,POD,TROUT CREEK FISHERY CHANNEL NO. 1,2002101,,Reservoir System,CO,,Bad Latitude,57743.0
COwr_S57791,,COwr_WS1419,,Unspecified,,4326,,,,,,,,,POD,SHALLOW CREEK FISHERY CHANNEL NO. 1,2002107,,Ditch,CO,,Bad Latitude,57790.0
COwr_S57819,,COwr_WS1428,,Unspecified,MINERAL,4326,,,,,,,,,POD,VILLAGE POND,2003639,,Reservoir,CO,,Bad Latitude,57818.0
COwr_S57833,,COwr_WS1330,,Unspecified,RIO GRANDE,4326,,,,,,,,,POD,RGWUA RECHARGE PROJECT,2001675,,Other,CO,,Bad Latitude,57832.0
COwr_S57849,,COwr_WS1472,,Unable to spot,HINSDALE,4326,,,,,,,,,POD,USFS QP37J,2001963,,Minimum Flow,CO,,Bad Latitude,57848.0
COwr_S57874,,COwr_WS1330,,Unspecified,ALAMOSA,4326,,,,,,,,,POD,RGWCD RECHARGE PROJECT,2001670,,Recharge Area Group,CO,,Bad Latitude,57873.0
COwr_S57895,,COwr_WS1330,,Unspecified,,4326,,,,,,,,,POD,BROADACRES COMPOUND IRRIGATION DIVERSION APD 2,2002114,,Ditch,CO,,Bad Latitude,57894.0
COwr_S57945,,COwr_WS1411,,Unspecified,RIO GRANDE,4326,,,,,,,,,POD,EMBARGO CR MIN FLOW,2001033,,Minimum Flow,CO,,Bad Latitude,57944.0
COwr_S58008,,COwr_WS1428,,Unspecified,MINERAL,4326,,,,,,,,,POD,VILLAGE D,2001708,,Ditch,CO,,Bad Latitude,58007.0
COwr_S58075,,COwr_WS1330,,Unable to spot,COSTILLA,4326,,,,,,,,,POD,TRES RIOS NO 3,2001702,,Ditch,CO,,Bad Latitude,58074.0
COwr_S58086,,COwr_WS1483,,Unspecified,RIO GRANDE,4326,,,,,,,,,POD,AGUA RAMON D,2000504,,Ditch,CO,,Bad Latitude,58085.0
COwr_S58113,,COwr_WS1330,,Unspecified,,4326,,,,,,,,,POD,BROADACRES COMPOUND IRRIGATION DIVERSION APD 1,2002113,,Ditch,CO,,Bad Latitude,58112.0
COwr_S58134,,COwr_WS1410,,Unspecified,,4326,,,,,,,,,POD,TROUT CREEK FISHERY CHANNEL NO. 3,2002103,,Reservoir System,CO,,Bad Latitude,58133.0
COwr_S58183,,COwr_WS1410,,Unspecified,,4326,,,,,,,,,POD,TROUT CREEK FISHERY CHANNEL NO. 5,2002105,,Reservoir System,CO,,Bad Latitude,58182.0
COwr_S58215,,COwr_WS1453,,Unspecified,,4326,,,,,,,,,POD,MINERS CREEK FISHERY CHANNEL NO. 1,2002108,,Ditch,CO,,Bad Latitude,58214.0
COwr_S58304,,COwr_WS1330,,Unspecified,,4326,,,,,,,,,POD,BROADACRES COMPOUND IRRIGATION DIVERSION,2002112,,Ditch,CO,,Bad Latitude,58303.0
COwr_S59626,,COwr_WS358,,Unspecified,,4326,,,,,,,,,POD,CREEDE 240 LLC AUGMENTATION PLAN,2007065,,Augmentation/Replacement Plan,CO,,Bad Latitude,59625.0
COwr_S59812,,COwr_WS1428,,Unspecified,MINERAL,4326,,,,,,,,,POD,SOUTH GALLERY,2006688,,Other,CO,,Bad Latitude,59811.0
COwr_S60112,,COwr_WS1513,,Unspecified,MINERAL,4326,,,,,,,,,POD,NORTH GALLERY,2006687,,Well,CO,,Bad Latitude,60111.0
COwr_S60508,,COwr_WS358,,Unspecified,RIO GRANDE,4326,,,,,,,,,POD,DEL NORTE AUG PLAN,2007010,,Augmentation/Replacement Plan,CO,,Bad Latitude,60507.0
COwr_S65466,,COwr_WS1528,,Unable to spot,CONEJOS,4326,,,,,,,,,POD,CHINO SPRING,2200856,,Spring,CO,,Bad Latitude,65465.0
COwr_S65642,,COwr_WS358,,Unspecified,,4326,,,,,,,,,POD,EXPO LLC AUG PLAN,2107005,,Augmentation/Replacement Plan,CO,,Bad Latitude,65641.0
COwr_S65673,,COwr_WS1528,,Unable to spot,CONEJOS,4326,,,,,,,,,POD,GOMEZ SPRING,2200868,,Spring,CO,,Bad Latitude,65672.0
COwr_S66742,,COwr_WS1528,,Unable to spot,CONEJOS,4326,,,,,,,,,POD,GALLO SPRING,2200867,,Spring,CO,,Bad Latitude,66741.0
COwr_S66748,,COwr_WS1559,,Unspecified,ARCHULETA,4326,,,,,,,,,POD,CLYDES CORRALS RESERVOIR,2203597,,Reservoir,CO,,Bad Latitude,66747.0
COwr_S66845,,COwr_WS1559,,Unspecified,ARCHULETA,4326,,,,,,,,,POD,NATIVE LAKE,2203301,,Reservoir,CO,,Bad Latitude,66844.0
COwr_S67341,,COwr_WS1559,,Unspecified,ARCHULETA,4326,,,,,,,,,POD,SEXTO CREEK LAKE,2203304,,Reservoir,CO,,Bad Latitude,67340.0
COwr_S67476,,COwr_WS1553,,Unspecified,ARCHULETA,4326,,,,,,,,,POD,T J RAMSEY LAKE,2203303,,Reservoir,CO,,Bad Latitude,67475.0
COwr_S67817,,COwr_WS1559,,Unspecified,ARCHULETA,4326,,,,,,,,,POD,BRUSH FENCE LAKE,2203302,,Reservoir,CO,,Bad Latitude,67816.0
COwr_S68005,,COwr_WS1528,,Unable to spot,CONEJOS,4326,,,,,,,,,POD,TRAIL LAKE,2203593,,Reservoir,CO,,Bad Latitude,68004.0
COwr_S70585,,COwr_WS848,,Unable to spot,COSTILLA,4326,,,,,,,,,POD,W3386 WELL NO 02,2405359,,Well,CO,,Bad Latitude,70584.0
COwr_S70587,,COwr_WS1636,,Unable to spot,SAGUACHE,4326,,,,,,,,,POD,TRAIL SPRING,2500783,,Spring,CO,,Bad Latitude,70586.0
COwr_S70588,,COwr_WS501,,Unable to spot,SAGUACHE,4326,,,,,,,,,POD,W2057 WELL NO 21,2505327,,Well,CO,,Bad Latitude,70587.0
COwr_S70604,,COwr_WS1640,,Unable to spot,SAGUACHE,4326,,,,,,,,,POD,SOUTH CRESTONE CK MSF,2500824,,Minimum Flow,CO,,Bad Latitude,70603.0
COwr_S70732,,COwr_WS1644,,Unable to spot,SAGUACHE,4326,,,,,,,,,POD,BACA GRANT 4 IRR D 6,2500510,,Ditch,CO,,Bad Latitude,70731.0
COwr_S70759,,COwr_WS1641,,Unspecified,,4326,,,,,,,,,POD,BREWERY CREEK ISF,2502000,,Minimum Flow,CO,,Bad Latitude,70758.0
COwr_S70883,,COwr_WS1664,,Unable to spot,SAGUACHE,4326,,,,,,,,,POD,COTTONWOOD CK MSF,2500825,,Minimum Flow,CO,,Bad Latitude,70882.0
COwr_S70969,,COwr_WS1636,,Unable to spot,SAGUACHE,4326,,,,,,,,,POD,GOLDEN TREAS POND NO 2,2500729,,Reservoir,CO,,Bad Latitude,70968.0
COwr_S70973,,COwr_WS1683,,Unspecified,SAGUACHE,4326,,,,,,,,,POD,KAUFMAN D,2500611,,Ditch,CO,,Bad Latitude,70972.0
COwr_S70998,,COwr_WS848,,Unable to spot,COSTILLA,4326,,,,,,,,,POD,W3262 WELL NO 01,2405350,,Well,CO,,Bad Latitude,70997.0
COwr_S71045,,COwr_WS1644,,Unable to spot,SAGUACHE,4326,,,,,,,,,POD,BACA GRANT 4 IRR D 7,2500511,,Ditch,CO,,Bad Latitude,71044.0
COwr_S71202,,COwr_WS1668,,Unable to spot,SAGUACHE,4326,,,,,,,,,POD,WILLOW CK MSF,2500826,,Minimum Flow,CO,,Bad Latitude,71201.0
COwr_S71315,,COwr_WS1636,,Unable to spot,SAGUACHE,4326,,,,,,,,,POD,GOLDEN TREAS POND NO 3,2500730,,Reservoir,CO,,Bad Latitude,71314.0
COwr_S71317,,COwr_WS1636,,Unable to spot,SAGUACHE,4326,,,,,,,,,POD,GOLDEN TREAS POND NO 1,2500728,,Reservoir,CO,,Bad Latitude,71316.0
COwr_S71319,,COwr_WS1662,,Unspecified,SAGUACHE,4326,,,,,,,,,POD,DRISCOLL D 2,2500566,,Ditch,CO,,Bad Latitude,71318.0
COwr_S71346,,COwr_WS1689,,Unable to spot,SAGUACHE,4326,,,,,,,,,POD,LINDISFARNE PIPELINE,2500772,,Pipeline,CO,,Bad Latitude,71345.0
COwr_S71417,,COwr_WS1668,,Unable to spot,SAGUACHE,4326,,,,,,,,,POD,LOWER WILLOW CR LAKE,2503505,,Reservoir,CO,,Bad Latitude,71416.0
COwr_S71466,,COwr_WS1673,,Unspecified,COSTILLA,4326,,,,,,,,,POD,ABUNDO MARTINEZ D,2400609,,Ditch,CO,,Bad Latitude,71465.0
COwr_S71790,,COwr_WS848,,Unable to spot,COSTILLA,4326,,,,,,,,,POD,84CW061 WELL NO 03,2405013,,Well,CO,,Bad Latitude,71789.0
COwr_S71807,,COwr_WS1636,,Unable to spot,SAGUACHE,4326,,,,,,,,,POD,GOLDEN TREAS POND NO 4,2500731,,Reservoir,CO,,Bad Latitude,71806.0
COwr_S71987,,COwr_WS501,,Unable to spot,SAGUACHE,4326,,,,,,,,,POD,W1189 WELL NO 11,2505202,,Well,CO,,Bad Latitude,71986.0
COwr_S73155,,COwr_WS1697,,Unspecified,SAGUACHE,4326,,,,,,,,,POD,ROUND PARK SPRING NO 2,2600828,,Spring,CO,,Bad Latitude,73154.0
COwr_S73259,,COwr_WS1726,,Unspecified,SAGUACHE,4326,,,,,,,,,POD,LA GARITA CR MSF,2700584,,Minimum Flow,CO,,Bad Latitude,73258.0
COwr_S73971,,COwr_WS1726,,Unspecified,SAGUACHE,4326,,,,,,,,,POD,BENINO CR MSF,2700560,,Minimum Flow,CO,,Bad Latitude,73970.0
COwr_S74275,,COwr_WS1726,,Unspecified,SAGUACHE,4326,,,,,,,,,POD,GROUNDHOG CR MSF,2700577,,Minimum Flow,CO,,Bad Latitude,74274.0
COwr_S76031,,COwr_WS1806,,Unable to spot,ARCHULETA,4326,,,,,,,,,POD,KEITH DITCH,2900641,,Ditch,CO,,Bad Latitude,76030.0
COwr_S76139,,COwr_WS1808,,Unable to spot,ARCHULETA,4326,,,,,,,,,POD,ANDERSON PUMP,2900832,,Pump,CO,,Bad Latitude,76138.0
COwr_S79797,,COwr_WS1912,,Unspecified,LA PLATA,4326,,,,,,,,,POD,MOUNTAIN VALLEY RANCH WELL FIELD,3006406,,Well Field,CO,,Bad Latitude,79796.0
COwr_S81417,,COwr_WS2039,,Unspecified,,4326,,,,,,,,,POD,DWCD HARTMAN DRAW,3201121,,Ditch,CO,,Bad Latitude,81416.0
COwr_S81596,,COwr_WS2077,,Unable to spot,DOLORES,4326,,,,,,,,,POD,POSEY DITCH,3200797,,Ditch,CO,,Bad Latitude,81595.0
COwr_S82550,,COwr_WS2095,,Unable to spot,ALAMOSA,4326,,,,,,,,,POD,RGWCD RECHGE STRUCT NO 1,3500669,,Ditch,CO,,Bad Latitude,82549.0
COwr_S82823,,COwr_WS2094,,Unable to spot,COSTILLA,4326,,,,,,,,,POD,91CW020 WELL NO 01,3505094,,Well,CO,,Bad Latitude,82822.0
COwr_S82912,,COwr_WS2135,,Unspecified,SUMMIT,4326,,,,,,,,,POD,JEFFREY WELL,3605048,,Well,CO,,Bad Latitude,82911.0
COwr_S83596,,COwr_WS2172,,Unspecified,SUMMIT,4326,,,,,,,,,POD,LOWER MOHAWK RESERVOIR,3603649,,Reservoir,CO,,Bad Latitude,83595.0
COwr_S85686,,COwr_WS2345,,Unspecified,PITKIN,4326,,,,,,,,,POD,HANSEN POND,3804152,,Reservoir,CO,,Bad Latitude,85685.0
COwr_S85689,,COwr_WS2345,,Unspecified,,4326,,,,,,,,,POD,HVF OPERATIONAL TANK,3804519,,Reservoir System,CO,,Bad Latitude,85688.0
COwr_S85690,,COwr_WS2341,,Unspecified,,4326,,,,,,,,,POD,SNOW BELLE POND,3804902,,Reservoir,CO,,Bad Latitude,85689.0
COwr_S85894,,COwr_WS358,,Unspecified,,4326,,,,,,,,,POD,METCALF AUG. PLAN,4517030,,Augmentation/Replacement Plan,CO,,Bad Latitude,85893.0
COwr_S85993,,COwr_WS2229,,Unspecified,,4326,,,,,,,,,POD,HERNAGE CREEK SPRING,3706168,,Spring,CO,,Bad Latitude,85992.0
COwr_S86120,,COwr_WS2375,,Unspecified,PITKIN,4326,,,,,,,,,POD,BRACKEN DITCH & PIPELINE,3800552,,Ditch,CO,,Bad Latitude,86119.0
COwr_S86557,,COwr_WS2375,,Unspecified,PITKIN,4326,,,,,,,,,POD,TENTH MTN DV SP & D HG 2,3801447,,Spring,CO,,Bad Latitude,86556.0
COwr_S86703,,COwr_WS2347,,Unspecified,PITKIN,4326,,,,,,,,,POD,MCKENZIE DITCH,3800889,,Ditch,CO,,Bad Latitude,86702.0
COwr_S86974,,COwr_WS2375,,Unspecified,PITKIN,4326,,,,,,,,,POD,TENTH MTN DV SP & D HG 1,3801446,,Spring,CO,,Bad Latitude,86973.0
COwr_S87068,,COwr_WS2345,,Unspecified,PITKIN,4326,,,,,,,,,POD,OKANELA DITCH SYSTEM,3801824,,Ditch,CO,,Bad Latitude,87067.0
COwr_S87185,,COwr_WS2345,,Unable to spot,GARFIELD,4326,,,,,,,,,POD,TWENTY PEAKS SP 1 2 3 4,3801056,,Spring,CO,,Bad Latitude,87184.0
COwr_S87327,,COwr_WS2375,,Unspecified,PITKIN,4326,,,,,,,,,POD,TENTH MTN DV SP & D HG 3,3801448,,Spring,CO,,Bad Latitude,87326.0
COwr_S87374,,COwr_WS2375,,Unspecified,PITKIN,4326,,,,,,,,,POD,FEINSINGER DITCH,3800674,,Ditch,CO,,Bad Latitude,87373.0
COwr_S87532,,COwr_WS2421,,Unspecified,PITKIN,4326,,,,,,,,,POD,AVALANCHE CNL DIVR SYS2B,3805046,,Ditch,CO,,Bad Latitude,87531.0
COwr_S87601,,COwr_WS2395,,Unspecified,PITKIN,4326,,,,,,,,,POD,W DIV PR FOUR MI C & S(3MI),3804684,,Other,CO,,Bad Latitude,87600.0
COwr_S87724,,COwr_WS2428,,Unable to spot,EAGLE,4326,,,,,,,,,POD,TIE CAMP POND,3803659,,Reservoir,CO,,Bad Latitude,87723.0
COwr_S87801,,COwr_WS2421,,Unspecified,PITKIN,4326,,,,,,,,,POD,AVALANCHE CNL DIVR SYS2A,3805045,,Ditch,CO,,Bad Latitude,87800.0
COwr_S88485,,COwr_WS2345,,Unspecified,,4326,,,,,,,,,POD,HVF STORAGE TANKS,3803723,,Reservoir System,CO,,Bad Latitude,88484.0
COwr_S88711,,COwr_WS2345,,Unspecified,,4326,,,,,,,,,POD,HVF GREENHOUSE PUMP & PIPELINE,3808824,,Pump,CO,,Bad Latitude,88710.0
COwr_S88832,,COwr_WS2395,,Unspecified,GARFIELD,4326,,,,,,,,,POD,DRIVEWAY SPRING NO 2,3806053,,Spring,CO,,Bad Latitude,88831.0
COwr_S88851,,COwr_WS2356,,Unspecified,GARFIELD,4326,,,,,,,,,POD,MOOCHIE SPRING,3806316,,Spring,CO,,Bad Latitude,88850.0
COwr_S88949,,COwr_WS2443,,Unspecified,EAGLE,4326,,,,,,,,,POD,SAHULA WELL,3806341,,Well,CO,,Bad Latitude,88948.0
COwr_S88957,,COwr_WS2445,,Unspecified,PITKIN,4326,,,,,,,,,POD,CASSIDY WELL,3805244,,Well,CO,,Bad Latitude,88956.0
COwr_S89005,,COwr_WS2445,,Unspecified,PITKIN,4326,,,,,,,,,POD,STEINMETZ WELL NO 1,3805788,,Well,CO,,Bad Latitude,89004.0
COwr_S89103,,COwr_WS2388,,Unable to spot,PITKIN,4326,,,,,,,,,POD,TYBAR SPRING NO 1,3806296,,Spring,CO,,Bad Latitude,89102.0
COwr_S89167,,COwr_WS2224,,Unspecified,GARFIELD,4326,,,,,,,,,POD,FISHER CREEK SPRING NO 1,3806054,,Spring,CO,,Bad Latitude,89166.0
COwr_S89185,,COwr_WS2375,,Unspecified,PITKIN,4326,,,,,,,,,POD,CRISTY SPRING,3806322,,Spring,CO,,Bad Latitude,89184.0
COwr_S89251,,COwr_WS2443,,Unable to spot,PITKIN,4326,,,,,,,,,POD,EASH WELL NO 1,3806355,,Well,CO,,Bad Latitude,89250.0
COwr_S89256,,COwr_WS2486,,Unspecified,PITKIN,4326,,,,,,,,,POD,LEE'S WELL,3806318,,Well,CO,,Bad Latitude,89255.0
COwr_S89401,,COwr_WS2342,,Unspecified,GUNNISON,4326,,,,,,,,,POD,COMMONWEALTH SPRING,3805289,,Spring,CO,,Bad Latitude,89400.0
COwr_S89473,,COwr_WS2486,,Unspecified,PITKIN,4326,,,,,,,,,POD,LOESCHEN HOUSE WELL,3806321,,Well,CO,,Bad Latitude,89472.0
COwr_S89596,,COwr_WS2375,,Unspecified,PITKIN,4326,,,,,,,,,POD,SHOHET SPGS COLL DIST SY,3805721,,Spring,CO,,Bad Latitude,89595.0
COwr_S89655,,COwr_WS2356,,Unspecified,GARFIELD,4326,,,,,,,,,POD,HAYLEY SPRING,3806315,,Spring,CO,,Bad Latitude,89654.0
COwr_S89741,,COwr_WS2445,,Unspecified,PITKIN,4326,,,,,,,,,POD,STEINMETZ WELL NO 2,3805789,,Well,CO,,Bad Latitude,89740.0
COwr_S89811,,COwr_WS2445,,Unspecified,PITKIN,4326,,,,,,,,,POD,HIGHLAND BAVARIAN WELL,3805456,,Well,CO,,Bad Latitude,89810.0
COwr_S89831,,COwr_WS2486,,Unspecified,PITKIN,4326,,,,,,,,,POD,ANTHES WELL,3806343,,Well,CO,,Bad Latitude,89830.0
COwr_S89887,,COwr_WS2224,,Unable to spot,EAGLE,4326,,,,,,,,,POD,BOWERS GUL 1 SPRING,3806828,,Spring,CO,,Bad Latitude,89886.0
COwr_S90437,,COwr_WS358,,Unspecified,,4326,,,,,,,,,POD,DEERFIELD DEPLETION REACH,3809043,,Exchange Plan,CO,,Bad Latitude,90436.0
COwr_S91463,,COwr_WS2445,,Unspecified,,4326,,,,,,,,,POD,TELLER SPRINGS WELL NO 5,3815174,,Well,CO,,Bad Latitude,91462.0
COwr_S91482,,COwr_WS2445,,Unspecified,,4326,,,,,,,,,POD,TELLER SPRINGS WELL NO 4,3815173,,Well,CO,,Bad Latitude,91481.0
COwr_S93784,,COwr_WS2670,,Unable to spot,RIO BLANCO,4326,,,,,,,,,POD,RIPPLECRRES,4302824,,Spring,CO,,Bad Latitude,93783.0
COwr_S93972,,COwr_WS2570,,Unspecified,,4326,,,,,,,,,POD,MARCOTT CREEK EMERGENCY INLET,4003139,,Pipeline,CO,,Bad Latitude,93971.0
COwr_S94326,,COwr_WS2570,,Unspecified,,4326,,,,,,,,,POD,SURFACE CREEK INLET,4003140,,Pipeline,CO,,Bad Latitude,94325.0
COwr_S94493,,COwr_WS2566,,Unspecified,,4326,,,,,,,,,POD,PROVIDENCE SPRING,4003166,,Spring,CO,,Bad Latitude,94492.0
COwr_S95048,,COwr_WS2566,,Unspecified,,4326,,,,,,,,,POD,GRACE SPRING,4003165,,Spring,CO,,Bad Latitude,95047.0
COwr_S95085,,COwr_WS2705,,Unspecified,,4326,,,,,,,,,POD,QUEEN POND,4006571,,Reservoir,CO,,Bad Latitude,95084.0
COwr_S97654,,COwr_WS7,,Unspecified,,4326,,,,,,,,,POD,WILSON-DAVIS DITCH,4101234,,Ditch,CO,,Bad Latitude,97653.0
COwr_S98014,,COwr_WS13,,Unspecified,,4326,,,,,,,,,POD,COTTONWOOD SPRING,4101220,,Spring,CO,,Bad Latitude,98013.0
COwr_S99435,,COwr_WS2670,,Unspecified,GARFIELD,4326,,,,,,,,,POD,OVERLOOK,4303096,,Spring,CO,,Bad Latitude,99434.0
COwr_S100761,,COwr_WS2774,,Unspecified,GARFIELD,4326,,,,,,,,,POD,CHINESEWALL,4303090,,Spring,CO,,Bad Latitude,100760.0
COwr_S100800,,COwr_WS2869,,Unspecified,GARFIELD,4326,,,,,,,,,POD,SI29SKINF 2,4303118,,Spring,CO,,Bad Latitude,100799.0
COwr_S100842,,COwr_WS2862,,Unspecified,,4326,,,,,,,,,POD,LYNX POND,4303330,,Reservoir,CO,,Bad Latitude,100841.0
COwr_S100849,,COwr_WS2783,,Unspecified,GARFIELD,4326,,,,,,,,,POD,SI24BIGFI C,4303113,,Spring,CO,,Bad Latitude,100848.0
COwr_S100932,,COwr_WS2869,,Unspecified,GARFIELD,4326,,,,,,,,,POD,SI28SKINF 1,4303117,,Spring,CO,,Bad Latitude,100931.0
COwr_S100974,,COwr_WS2944,,Unspecified,RIO BLANCO,4326,,,,,,,,,POD,DIVIDEPOND,4303068,,Spring,CO,,Bad Latitude,100973.0
COwr_S101141,,COwr_WS2671,,Unspecified,RIO BLANCO,4326,,,,,,,,,POD,PAGODALK,4303119,,Spring,CO,,Bad Latitude,101140.0
COwr_S101196,,COwr_WS2774,,Unspecified,GARFIELD,4326,,,,,,,,,POD,SISPOND,4303092,,Spring,CO,,Bad Latitude,101195.0
COwr_S101220,,COwr_WS2783,,Unspecified,GARFIELD,4326,,,,,,,,,POD,SI26BIGFISHCR,4303116,,Spring,CO,,Bad Latitude,101219.0
COwr_S101264,,COwr_WS2907,,Unspecified,RIO BLANCO,4326,,,,,,,,,POD,SI350/INDC,4303070,,Spring,CO,,Bad Latitude,101263.0
COwr_S101320,,COwr_WS2774,,Unspecified,GARFIELD,4326,,,,,,,,,POD,HIMESPRCG,4303111,,Spring,CO,,Bad Latitude,101319.0
COwr_S101335,,COwr_WS2505,,Unspecified,RIO BLANCO,4326,,,,,,,,,POD,NELSONCOWC,4303124,,Spring,CO,,Bad Latitude,101334.0
COwr_S101355,,COwr_WS2670,,Unspecified,GARFIELD,4326,,,,,,,,,POD,PROSPECT,4303094,,Spring,CO,,Bad Latitude,101354.0
COwr_S101517,,COwr_WS2774,,Unspecified,GARFIELD,4326,,,,,,,,,POD,SI27LWOODS,4303115,,Spring,CO,,Bad Latitude,101516.0
COwr_S101539,,COwr_WS2670,,Unspecified,GARFIELD,4326,,,,,,,,,POD,PAGODALK,4303120,,Spring,CO,,Bad Latitude,101538.0
COwr_S101583,,COwr_WS2505,,Unspecified,RIO BLANCO,4326,,,,,,,,,POD,SFKMEADWS1,4303065,,Spring,CO,,Bad Latitude,101582.0
COwr_S101654,,COwr_WS2783,,Unspecified,GARFIELD,4326,,,,,,,,,POD,SI255BIGFIL,4303114,,Spring,CO,,Bad Latitude,101653.0
COwr_S101691,,COwr_WS2505,,Unspecified,RIO BLANCO,4326,,,,,,,,,POD,SLIDELAKE,4303121,,Spring,CO,,Bad Latitude,101690.0
COwr_S102455,,COwr_WS2831,,Unspecified,,4326,,,,,,,,,POD,RYAN GULCH EXCHANGE,4308002,,Exchange Plan,CO,,Bad Latitude,102454.0
COwr_S102856,,COwr_WS358,,Unspecified,RIO BLANCO,4326,,,,,,,,,POD,NATEC MINERALS AUG AND EXCH PLAN,4307012,,Augmentation/Replacement Plan,CO,,Bad Latitude,102855.0
COwr_S103942,,COwr_WS2945,,Unspecified,MOFFAT,4326,,,,,,,,,POD,BENCHPOND,4402431,,Spring,CO,,Bad Latitude,103941.0
COwr_S104235,,COwr_WS2945,,Unspecified,MOFFAT,4326,,,,,,,,,POD,BURNSPOND,4402430,,Spring,CO,,Bad Latitude,104234.0
COwr_S106121,,COwr_WS54,,Unspecified,,4326,,,,,,,,,POD,PARIS PUMP AND PIPE,4501186,,Pump,CO,,Bad Latitude,106120.0
COwr_S106756,,COwr_WS233,,Unspecified,GARFIELD,4326,,,,,,,,,POD,EVANS WELL NO. 1,4505065,,Well,CO,,Bad Latitude,106755.0
COwr_S107496,,COwr_WS3185,,Unspecified,,4326,,,,,,,,,POD,HANGS SPRING,4505651,,Spring,CO,,Bad Latitude,107495.0
COwr_S108245,,COwr_WS3343,,Unspecified,JACKSON,4326,,,,,,,,,POD,ANTELOPE WELL NO. 1,4705051,,Well,CO,,Bad Latitude,108244.0
COwr_S108272,,COwr_WS3402,,Unspecified,ROUTT,4326,,,,,,,,,POD,GARY HORN NO 1 WELL,5305172,,Well,CO,,Bad Latitude,108271.0
COwr_S112120,,COwr_WS3578,,Unspecified,GARFIELD,4326,,,,,,,,,POD,STEPHENS SPRING & PL,5305171,,Pipeline,CO,,Bad Latitude,112119.0
COwr_S112187,,COwr_WS3578,,Unable to spot,GARFIELD,4326,,,,,,,,,POD,BEAR PK SPRING,5305289,,Spring,CO,,Bad Latitude,112186.0
COwr_S112189,,COwr_WS3578,,Unable to spot,GARFIELD,4326,,,,,,,,,POD,PROSPECT RGS SPRING,5305362,,Spring,CO,,Bad Latitude,112188.0
COwr_S112245,,COwr_WS3329,,Unspecified,,4326,,,,,,,,,POD,CHIPMUNK STOCKPIT,5303610,,Reservoir,CO,,Bad Latitude,112244.0
COwr_S112477,,COwr_WS3578,,Unable to spot,GARFIELD,4326,,,,,,,,,POD,L ELK MDS SPRING,5305343,,Spring,CO,,Bad Latitude,112476.0
COwr_S113585,,COwr_WS3126,,Unspecified,,4326,,,,,,,,,POD,SLATER CREEK LOWER MSF,5402008,,Minimum Flow,CO,,Bad Latitude,113584.0
COwr_S114170,,COwr_WS3653,,Unspecified,MOFFAT,4326,,,,,,,,,POD,SPRUCE SP,5405075,,Reservoir,CO,,Bad Latitude,114169.0
COwr_S115197,,COwr_WS3597,,Unspecified,,4326,,,,,,,,,POD,SHERIFF,5700764,,Spring,CO,,Bad Latitude,115196.0
COwr_S117373,,COwr_WS2471,,Unspecified,ROUTT,4326,,,,,,,,,POD,TOP CG,5802680,,Spring,CO,,Bad Latitude,117372.0
COwr_S117436,,COwr_WS2471,,Unspecified,ROUTT,4326,,,,,,,,,POD,SUNSHINE,5802707,,Spring,CO,,Bad Latitude,117435.0
COwr_S118641,,COwr_WS358,,Unspecified,,4326,,,,,,,,,POD,TIMBERS AUG PLAN,5807024,,Augmentation/Replacement Plan,CO,,Bad Latitude,118640.0
COwr_S122656,,COwr_WS4115,,Unable to spot,SAN MIGUEL,4326,,,,,,,,,POD,EASTWOOD SPRING,6001669,,Spring,CO,,Bad Latitude,122655.0
COwr_S122768,,COwr_WS4171,,Unspecified,,4326,,,,,,,,,POD,TANAGER SPRING,6002170,,Spring,CO,,Bad Latitude,122767.0
COwr_S124631,,COwr_WS4144,,Unspecified,HINSDALE,4326,,,,,,,,,POD,MADERA PIPELINE,6200665,,Pipeline,CO,,Bad Latitude,124630.0
COwr_S125225,,COwr_WS4279,,Unspecified,GUNNISON,4326,,,,,,,,,POD,BURKEY SPG & PL NO 10,6200889,,Spring,CO,,Bad Latitude,125224.0
COwr_S125501,,COwr_WS4279,,Unspecified,GUNNISON,4326,,,,,,,,,POD,WORKMAN SPG DITCH,6200804,,Ditch,CO,,Bad Latitude,125500.0
COwr_S125593,,COwr_WS4279,,Unspecified,GUNNISON,4326,,,,,,,,,POD,BURKEY SPG & POND NO 11,6200890,,Reservoir,CO,,Bad Latitude,125592.0
COwr_S125704,,COwr_WS4353,,Unspecified,,4326,,,,,,,,,POD,ASHLEIGH SPRING,6300828,,Spring,CO,,Bad Latitude,125703.0
COwr_S125983,,COwr_WS4353,,Unspecified,,4326,,,,,,,,,POD,ALYSSA SPRING,6300829,,Spring,CO,,Bad Latitude,125982.0
COwr_S126141,,COwr_WS358,,Unspecified,,4326,,,,,,,,,POD,HIGH CIMARRON AMENDED P/A,6208001,,Augmentation/Replacement Plan,CO,,Bad Latitude,126140.0
COwr_S126409,,COwr_WS4353,,Unspecified,,4326,,,,,,,,,POD,TYSON POND,6300830,,Reservoir,CO,,Bad Latitude,126408.0
COwr_S126657,,COwr_WS4381,,Unspecified,,4326,,,,,,,,,POD,NITA SPRING,6202025,,Spring,CO,,Bad Latitude,126656.0
COwr_S126912,,COwr_WS4296,,Unspecified,,4326,,,,,,,,,POD,STILES WASTEWATER DRAIN,6202026,,Pipeline,CO,,Bad Latitude,126911.0
COwr_S127241,,COwr_WS4386,,Unspecified,LOGAN,4326,,,,,,,,,POD,NORTH STERLING PAWNEE CR,6400685,,Ditch,CO,,Bad Latitude,127240.0
COwr_S127846,,COwr_WS93,,Unspecified,SEDGWICK,4326,,,,,,,,,POD,RUSSELL SIDEBOTHAM DITCH,6400624,,Ditch,CO,,Bad Latitude,127845.0
COwr_S128150,,COwr_WS4414,,Unable to spot,BACA,4326,,,,,,,,,POD,USFS SPRING FS-2-62-612,6602024,,Spring,CO,,Bad Latitude,128149.0
COwr_S128204,,COwr_WS4414,,Unable to spot,BACA,4326,,,,,,,,,POD,USFS SPRING FS-2-62-645,6602028,,Pipeline,CO,,Bad Latitude,128203.0
COwr_S128475,,COwr_WS4419,,Unable to spot,BACA,4326,,,,,,,,,POD,USFS SPRING FS-2-62-596,6602010,,Spring,CO,,Bad Latitude,128474.0
COwr_S128634,,COwr_WS4419,,Unable to spot,BACA,4326,,,,,,,,,POD,USFS SPRING FS-2-62-607,6602021,,Spring,CO,,Bad Latitude,128633.0
COwr_S129026,,COwr_WS4419,,Unable to spot,BACA,4326,,,,,,,,,POD,USFS POND 2A PIT 11,6603510,,Reservoir,CO,,Bad Latitude,129025.0
COwr_S129748,,COwr_WS855,,Unspecified,,4326,,,,,,,,,POD,SEEPAGE DITCH PUMP NO 2,6702026,,Spring,CO,,Bad Latitude,129747.0
COwr_S129939,,COwr_WS855,,Unspecified,,4326,,,,,,,,,POD,SEEPAGE DITCH PUMP NO 1,6702025,,Spring,CO,,Bad Latitude,129938.0
COwr_S130222,,COwr_WS4419,,Unable to spot,BACA,4326,,,,,,,,,POD,USFS POND FS-2-62-556,6603592,,Reservoir,CO,,Bad Latitude,130221.0
COwr_S130418,,COwr_WS855,,Unspecified,,4326,,,,,,,,,POD,HASS SPRING NO 1,6702028,,Spring,CO,,Bad Latitude,130417.0
COwr_S130822,,COwr_WS342,,Unspecified,PROWERS,4326,,,,,,,,,POD,MCCORMICK WELL NO 9,6708185,,Well,CO,,Bad Latitude,130821.0
COwr_S130959,,COwr_WS342,,Unspecified,BACA,4326,,,,,,,,,POD,R R RUTHERFORD WELL NO 2,6706334,,Well,CO,,Bad Latitude,130958.0
COwr_S131424,,COwr_WS342,,Unspecified,PROWERS,4326,,,,,,,,,POD,WILLIAMS WELL NO 4,6708619,,Well,CO,,Bad Latitude,131423.0
COwr_S131524,,COwr_WS342,,Unspecified,BENT,4326,,,,,,,,,POD,UNION PACIFIC RR WELL,6708683,,Well,CO,,Bad Latitude,131523.0
